time;open;high;low;close;Volume;Kolonne1
2021-02-26 22:00;2323;23255;2323;23241;4456;
2021-03-01 12:00;23533;23533;23533;23533;500;
2021-03-01 14:00;23491;23627;23317;2356;258035;
2021-03-01 16:00;2356;23724;23482;23694;452733;
2021-03-01 18:00;23693;23711;23607;23655;253538;
2021-03-01 20:00;23658;23746;23628;23696;609861;
2021-03-01 22:00;23733;23733;23733;23733;200;
2021-03-02 12:00;23612;23612;2361;2361;977;
2021-03-02 14:00;23607;23742;23414;2349;259257;
2021-03-02 16:00;23487;2359;23347;23427;506065;
2021-03-02 18:00;23418;23574;23401;23525;253593;
2021-03-02 20:00;23525;23615;2335;23391;586961;
2021-03-02 22:00;23412;23412;23387;23405;400;
2021-03-03 12:00;23481;23481;23445;23445;292;
2021-03-03 14:00;23403;23403;23054;23075;255101;
2021-03-03 16:00;23068;23156;22943;23068;484465;
2021-03-03 18:00;23064;23064;2285;22887;395107;
2021-03-03 20:00;22892;228995;22732;22744;851342;
2021-03-03 22:00;22756;22756;22739;22739;1099;
2021-03-04 00:00;2266;2266;2266;2266;200;
2021-03-04 12:00;2271;2271;2271;2271;700;
2021-03-04 14:00;2274;22918;22605;22692;286022;
2021-03-04 16:00;22684;23248;22605;23109;758565;
2021-03-04 18:00;23115;23159;22428;22435;794868;
2021-03-04 20:00;22437;22779;22436;22683;935112;
2021-03-04 22:00;22705;22705;22582;22582;401;
2021-03-05 12:00;22653;22756;22653;22753;400;
2021-03-05 14:00;22752;22985;22501;22811;339477;
2021-03-05 16:00;22812;2296;22649;22859;794479;
2021-03-05 18:00;22865;2329;22825;23211;957008;
2021-03-05 20:00;23229;23327;23082;23158;894622;
2021-03-05 22:00;23173;23173;2316;23165;1000;
2021-03-08 12:00;22856;22942;22856;22875;1300;
2021-03-08 14:00;22975;2323;22938;23007;308127;
2021-03-08 16:00;23012;23336;229495;23025;730419;
2021-03-08 18:00;23021;23139;22907;22918;533089;
2021-03-08 20:00;22913;23016;22717;22745;725860;
2021-03-08 22:00;22739;22838;22739;22801;3700;
2021-03-09 00:00;2286;2286;22795;22795;413;
2021-03-09 12:00;23217;23217;23162;23176;600;
2021-03-09 14:00;232;23408;23172;23374;314164;
2021-03-09 16:00;23379;23466;23257;23292;625333;
2021-03-09 18:00;23291;23511;23287;23483;479660;
2021-03-09 20:00;23484;23537;23342;23362;827501;
2021-03-09 22:00;2333;2335;2333;2335;355;
2021-03-10 12:00;23308;2331;23308;2331;300;
2021-03-10 14:00;23308;237;23245;23507;303082;
2021-03-10 16:00;23533;23601;23384;23513;521298;
2021-03-10 18:00;23512;23513;23224;23277;461208;
2021-03-10 20:00;23276;23353;23205;23241;610339;
2021-03-10 22:00;23187;23255;23187;23255;2816;
2021-03-11 12:00;2356;23599;2355;23598;1250;
2021-03-11 14:00;236;23673;234;23515;204152;
2021-03-11 16:00;23525;23886;23477;23868;539946;
2021-03-11 18:00;23869;23915;23778;23818;415059;
2021-03-11 20:00;23822;23848;23696;23718;592221;
2021-03-11 22:00;2372;2372;2372;2372;200;
2021-03-12 12:00;23362;23451;23362;23451;400;
2021-03-12 14:00;23422;23543;23339;23535;226051;
2021-03-12 16:00;23525;23537;23324;23458;600244;
2021-03-12 18:00;23462;23553;23432;23502;320927;
2021-03-12 20:00;23504;2358;23422;2358;569883;
2021-03-15 13:00;23649;23649;23342;23401;228394;
2021-03-15 15:00;23402;234135;23182;2328;618181;
2021-03-15 17:00;23276;23313;2325;23301;257646;
2021-03-15 19:00;23305;23502;23293;23483;448737;
2021-03-16 13:00;2358;2383;2358;2383;181771;
2021-03-16 15:00;2383;24005;23816;23959;499349;
2021-03-16 17:00;23959;23984;23775;23802;380318;
2021-03-16 19:00;23801;23924;23692;2377;604476;
2021-03-17 11:00;2359;2359;2359;2359;177;
2021-03-17 13:00;23601;23649;23419;23621;204527;
2021-03-17 15:00;23615;23654;23374;2338;408371;
2021-03-17 17:00;23381;23477;23325;23448;429815;
2021-03-17 19:00;23448;23854;23448;23711;771296;
2021-03-17 21:00;23703;23703;23657;23657;5877;
2021-03-18 11:00;23407;23407;23326;23335;1267;
2021-03-18 13:00;23352;23413;23229;23325;191160;
2021-03-18 15:00;2332;23336;23204;23238;574208;
2021-03-18 17:00;23237;23359;2318;23355;390208;
2021-03-18 19:00;23348;23352;23034;23076;1143756;
2021-03-18 21:00;23136;23136;23077;23077;1900;
2021-03-19 11:00;2315;2315;2315;2315;591;
2021-03-19 13:00;23218;23243;23028;23064;237528;
2021-03-19 15:00;23063;23158;22935;23144;629536;
2021-03-19 17:00;23144;23198;2311;23162;372919;
2021-03-19 19:00;23159;23172;230;23007;762454;
2021-03-19 21:00;23052;23066;2305;23056;5611;
2021-03-22 11:00;23225;23225;23222;23222;1000;
2021-03-22 13:00;2322;23366;23024;23356;166376;
2021-03-22 15:00;23362;23632;23334;2359;508535;
2021-03-22 17:00;23593;23689;23588;23633;314427;
2021-03-22 19:00;23632;23667;23573;23605;486791;
2021-03-22 23:00;23594;23594;23594;23594;354;
2021-03-23 13:00;2362;23893;2362;23793;140141;
2021-03-23 15:00;23784;24104;23759;2401;423810;
2021-03-23 17:00;240135;24068;23915;23984;225568;
2021-03-23 19:00;23989;24089;23708;2376;731724;
2021-03-24 13:00;23791;23796;23573;23605;207474;
2021-03-24 15:00;236;2379;23532;23649;598887;
2021-03-24 17:00;23649;23742;2358;23739;358221;
2021-03-24 19:00;23736;23761;23534;23538;577372;
2021-03-24 21:00;23567;23574;2352;23546;466;
2021-03-25 11:00;23509;23525;23481;23525;1290;
2021-03-25 13:00;23505;23679;23481;23584;181197;
2021-03-25 15:00;23586;2369;23157;23238;953850;
2021-03-25 17:00;23233;23311;23157;23228;765722;
2021-03-25 19:00;23233;23358;23163;23225;940166;
2021-03-25 21:00;23236;2326;23236;2326;267;
2021-03-25 23:00;2325;2325;2325;2325;100;
2021-03-26 11:00;2322;2322;23131;2315;557;
2021-03-26 13:00;23142;23394;2306;23318;79820;
2021-03-26 15:00;23308;23495;23245;23495;310839;
2021-03-26 17:00;23499;23544;23401;23457;333359;
2021-03-26 19:00;23455;23671;23303;23647;708941;
2021-03-26 21:00;23586;23586;23586;23586;100;
2021-03-29 14:00;23611;23677;233;23314;127658;
2021-03-29 16:00;2331;23399;23189;23363;461226;
2021-03-29 18:00;23361;23562;23312;2351;376943;
2021-03-29 20:00;23513;23531;23427;23528;456800;
2021-03-29 22:00;23504;23585;23504;2356;825;
2021-03-30 12:00;23336;23336;23312;23312;300;
2021-03-30 14:00;233;23371;23157;23224;185355;
2021-03-30 16:00;23227;23289;2311;23198;478211;
2021-03-30 18:00;23197;23245;23158;23196;302244;
2021-03-30 20:00;23195;23244;23133;23232;592763;
2021-03-31 14:00;23285;23385;2324;2338;151220;
2021-03-31 16:00;23379;236265;23379;23625;407298;
2021-03-31 18:00;23624;23684;23566;23566;243723;
2021-03-31 20:00;23565;23907;23412;23574;1159468;
2021-03-31 22:00;23643;23657;23617;23657;4408;
2021-04-01 12:00;23845;23848;23845;23848;200;
2021-04-01 14:00;23845;24142;23806;24142;326247;
2021-04-01 16:00;24145;24206;24058;24146;550080;
2021-04-01 18:00;24142;24192;24082;24174;341015;
2021-04-01 20:00;24176;24264;24124;24238;571297;
2021-04-01 22:00;24249;24261;24223;24261;2700;
2021-04-05 12:00;24191;24191;24191;24191;400;
2021-04-05 14:00;242;24729;242;24727;309963;
2021-04-05 16:00;24726;24974;24672;24884;705693;
2021-04-05 18:00;24893;24995;24889;24936;486401;
2021-04-05 20:00;24935;24956;24783;24904;633616;
2021-04-06 14:00;24858;24858;24688;24827;162821;
2021-04-06 16:00;24826;24937;24741;249355;380184;
2021-04-06 18:00;24939;249395;24795;24853;272909;
2021-04-06 20:00;24856;24905;24729;2479;452132;
2021-04-06 22:00;24805;24805;24805;24805;154;
2021-04-07 12:00;248;248;248;248;200;
2021-04-07 14:00;24785;249065;24719;2487;127006;
2021-04-07 16:00;24871;25092;24853;25007;429288;
2021-04-07 18:00;25008;25041;24942;24996;231462;
2021-04-07 20:00;24995;25072;24891;24992;428760;
2021-04-07 22:00;250;250;250;250;187;
2021-04-08 14:00;25232;25413;252;25392;262748;
2021-04-08 16:00;25396;253965;25214;25293;381329;
2021-04-08 18:00;25294;25323;25213;25323;234516;
2021-04-08 20:00;25324;253455;25289;253345;414725;
2021-04-08 22:00;2535;25393;25345;25393;3300;
2021-04-09 14:00;25272;25424;252;25417;173907;
2021-04-09 16:00;25417;25486;25372;25481;455219;
2021-04-09 18:00;25486;25507;25425;25467;300778;
2021-04-09 20:00;25467;25599;25406;25572;649355;
2021-04-09 22:00;2558;25585;2558;25585;500;
2021-04-12 14:00;25615;25694;25462;25499;165182;
2021-04-12 16:00;255025;25723;25464;25683;427129;
2021-04-12 18:00;25687;25766;25661;2568;255447;
2021-04-12 20:00;2568;25702;255275;25604;547964;
2021-04-12 22:00;2559;2559;2559;2559;100;
2021-04-13 14:00;25731;25918;25697;25894;135945;
2021-04-13 16:00;25893;25898;25683;25716;357637;
2021-04-13 18:00;25719;25809;2571;25788;287904;
2021-04-13 20:00;25787;25873;25758;25839;465592;
2021-04-13 22:00;25817;25829;25817;25829;1203;
2021-04-14 12:00;25964;25964;2595;2595;200;
2021-04-14 14:00;25941;2596;25681;25799;151935;
2021-04-14 16:00;25799;25881;25618;25685;400598;
2021-04-14 18:00;25688;25698;25571;25586;318965;
2021-04-14 20:00;25583;2565;25519;25579;604129;
2021-04-14 22:00;25559;25567;25559;25567;1400;
2021-04-15 14:00;25785;25933;25775;25851;160918;
2021-04-15 16:00;25848;25967;258;2582;360959;
2021-04-15 18:00;25821;25993;2579;25917;277623;
2021-04-15 20:00;25917;2599;25849;25955;428957;
2021-04-15 22:00;2595;2595;2595;2595;217;
2021-04-16 12:00;25972;25973;25972;25973;489;
2021-04-16 14:00;25962;26047;25764;25832;136175;
2021-04-16 16:00;25829;26052;25828;25947;340172;
2021-04-16 18:00;25947;260615;25941;25992;242744;
2021-04-16 20:00;259915;26095;259865;26057;413974;
2021-04-19 14:00;26021;26147;25932;26044;121653;
2021-04-19 16:00;260405;26075;25878;25902;460491;
2021-04-19 18:00;25899;25904;25784;2587;375498;
2021-04-19 20:00;258615;25911;2582;25882;471807;
2021-04-20 12:00;25789;25807;25789;25807;200;
2021-04-20 14:00;25803;26018;25782;25969;83345;
2021-04-20 16:00;25968;25986;25685;25739;303233;
2021-04-20 18:00;25745;25878;25725;25836;176842;
2021-04-20 20:00;25831;25849;25713;2583;334864;
2021-04-20 22:00;25775;25775;25775;25775;102;
2021-04-21 12:00;25858;25858;25858;25858;100;
2021-04-21 14:00;25825;25967;25729;25958;123160;
2021-04-21 16:00;25954;26034;2583;2599;321588;
2021-04-21 18:00;25986;25993;25892;25902;176134;
2021-04-21 20:00;25904;26067;25867;26067;419811;
2021-04-21 22:00;26038;26058;26007;26058;799;
2021-04-22 12:00;26027;2603;26012;26013;700;
2021-04-22 14:00;26006;26169;25993;26023;162133;
2021-04-22 16:00;26021;26169;25976;26049;298655;
2021-04-22 18:00;26052;26101;25571;25604;371858;
2021-04-22 20:00;25596;25748;25565;25719;499410;
2021-04-22 22:00;2575;2575;2575;2575;100;
2021-04-23 12:00;25798;25799;25798;25799;300;
2021-04-23 14:00;2579;25865;25733;25848;84032;
2021-04-23 16:00;25845;26081;25797;26047;329860;
2021-04-23 18:00;26048;2614;2602;26082;203676;
2021-04-23 20:00;26076;2615;26068;26082;671802;
2021-04-23 22:00;26068;26174;26068;26174;3695;
2021-04-24 00:00;26158;26178;26158;26178;300;
2021-04-26 12:00;26042;26055;2603;26055;400;
2021-04-26 14:00;26073;26243;26061;26129;192230;
2021-04-26 16:00;26129;26177;26046;26105;254687;
2021-04-26 18:00;26105;26145;26088;26129;139198;
2021-04-26 20:00;26124;262;26099;26151;385450;
2021-04-26 22:00;26129;26152;26129;26152;341;
2021-04-27 00:00;2616;26169;2616;26169;859;
2021-04-27 12:00;2623;2623;26204;26204;1150;
2021-04-27 14:00;26201;26206;26015;26067;125739;
2021-04-27 16:00;26074;26169;26015;26098;304460;
2021-04-27 18:00;26097;26163;26061;2614;167937;
2021-04-27 20:00;26139;26317;26103;26213;525849;
2021-04-27 22:00;26045;2617;2514;25391;191291;
2021-04-28 00:00;256;2573;255;255;1000;
2021-04-28 12:00;25597;25597;25485;25485;2455;
2021-04-28 14:00;25484;25649;2531;25466;533190;
2021-04-28 16:00;25466;25489;25309;25309;766825;
2021-04-28 18:00;25306;25523;25295;25425;395633;
2021-04-28 20:00;25426;25615;25391;25474;579564;
2021-04-28 22:00;2547;25471;25401;25401;2237;
2021-04-29 00:00;25447;25449;25447;25449;526;
2021-04-29 12:00;2553;2553;2553;2553;200;
2021-04-29 14:00;2551;25609;25423;25447;210631;
2021-04-29 16:00;25446;25446;249;24955;920638;
2021-04-29 18:00;24952;25167;24925;251;306974;
2021-04-29 20:00;251;25288;25088;25245;488136;
2021-04-29 22:00;25204;25204;25113;25113;6857;
2021-04-30 14:00;25008;25143;24945;25065;250364;
2021-04-30 16:00;25065;25308;25052;25191;480767;
2021-04-30 18:00;25187;25218;25108;25122;194368;
2021-04-30 20:00;25136;25263;2512;25219;552598;
2021-04-30 22:00;25224;25269;25218;2524;6860;
2021-05-03 14:00;25285;25364;25184;2532;65748;
2021-05-03 16:00;25312;25433;25182;25269;287098;
2021-05-03 18:00;25268;25268;25114;25141;149827;
2021-05-03 20:00;25144;25198;25132;25197;259492;
2021-05-03 22:00;25184;25184;25118;2515;4419;
2021-05-04 12:00;2511;2511;24931;2505;1200;
2021-05-04 14:00;24995;25107;2489;24915;121718;
2021-05-04 16:00;24913;24941;24577;24614;433164;
2021-05-04 18:00;2461;24707;24579;24602;250921;
2021-05-04 20:00;24603;24791;24594;24791;450382;
2021-05-04 22:00;2477;2477;24731;24731;2550;
2021-05-05 12:00;24865;24924;24865;24877;994;
2021-05-05 14:00;24919;24949;2484;24866;81678;
2021-05-05 16:00;2485;24875;24741;24859;160328;
2021-05-05 18:00;2486;248885;24724;24747;135703;
2021-05-05 20:00;24752;24757;24582;24654;336649;
2021-05-06 12:00;24641;24641;24641;24641;100;
2021-05-06 14:00;24615;24659;24469;24541;132663;
2021-05-06 16:00;24527;24847;24492;24782;285298;
2021-05-06 18:00;24783;24833;24686;24708;133553;
2021-05-06 20:00;24717;24986;24664;24972;488933;
2021-05-06 22:00;24935;24965;24935;24961;18255;
2021-05-07 14:00;2501;25422;2501;25235;166957;
2021-05-07 16:00;25247;2543;25189;25422;380710;
2021-05-07 18:00;25426;25426;25217;2522;180039;
2021-05-07 20:00;25216;25347;2519;25242;415322;
2021-05-07 22:00;25246;2526;25244;2526;1600;
2021-05-08 00:00;25256;25256;25256;25256;540;
2021-05-10 12:00;25103;25103;25103;25103;351;
2021-05-10 14:00;25148;2516;24935;25133;119623;
2021-05-10 16:00;25138;2517;24986;25035;207841;
2021-05-10 18:00;25036;25108;249565;2499;169214;
2021-05-10 20:00;24984;24986;24716;2472;523328;
2021-05-10 22:00;24719;24719;24652;24652;654;
2021-05-11 12:00;24427;24504;24408;24408;1031;
2021-05-11 14:00;24474;24525;24259;24476;227466;
2021-05-11 16:00;24479;24659;2439;24595;420547;
2021-05-11 18:00;246;24642;24467;2451;271183;
2021-05-11 20:00;24526;24649;24471;24622;462717;
2021-05-11 22:00;24603;24603;24603;24603;200;
2021-05-12 14:00;24573;24573;24203;24238;177558;
2021-05-12 16:00;24233;24233;23941;2395;607336;
2021-05-12 18:00;23944;24035;23877;23924;395204;
2021-05-12 20:00;23933;24036;2381;23906;677864;
2021-05-12 22:00;23918;23918;23876;23876;297;
2021-05-13 12:00;23889;2408;23889;2407;653;
2021-05-13 14:00;24046;24367;24046;24329;226637;
2021-05-13 16:00;24335;24558;24218;243;411947;
2021-05-13 18:00;24301;24416;24151;24229;277851;
2021-05-13 20:00;24243;24483;2424;24304;453032;
2021-05-13 22:00;24267;24267;2426;2426;9633;
2021-05-14 12:00;24565;24565;24565;24565;100;
2021-05-14 14:00;24565;24865;24525;24775;207099;
2021-05-14 16:00;24775;24819;24627;24762;351425;
2021-05-14 18:00;24762;24879;24749;248745;182971;
2021-05-14 20:00;24877;24918;24802;24802;461347;
2021-05-14 22:00;24843;249;24843;249;2000;
2021-05-15 00:00;24928;24928;24928;24928;100;
2021-05-17 12:00;24762;24762;24762;24762;100;
2021-05-17 14:00;24686;24723;245;24552;117452;
2021-05-17 16:00;24545;24566;24405;24437;373528;
2021-05-17 18:00;24435;24496;24352;24376;259890;
2021-05-17 20:00;24375;245225;24356;24517;399509;
2021-05-18 12:00;24666;24666;2466;2466;300;
2021-05-18 14:00;24654;24654;24495;24526;100084;
2021-05-18 16:00;2453;24609;24489;24506;243893;
2021-05-18 18:00;24505;24593;24505;24512;212612;
2021-05-18 20:00;24512;24533;2429;24303;481619;
2021-05-18 22:00;24283;24315;24277;24315;600;
2021-05-19 12:00;239;239;239;239;200;
2021-05-19 14:00;23909;2412;23865;24001;150599;
2021-05-19 16:00;23999;24187;23965;24148;313751;
2021-05-19 18:00;24154;24262;24133;24157;169614;
2021-05-19 20:00;24146;24323;24044;24323;419019;
2021-05-19 22:00;24313;24313;24271;24271;1200;
2021-05-20 12:00;24298;24299;24298;24299;256;
2021-05-20 14:00;24375;24643;24375;24552;147004;
2021-05-20 16:00;24552;24794;24552;24731;313164;
2021-05-20 18:00;24736;24751;2464;2473;252156;
2021-05-20 20:00;24731;24751;24617;24642;355954;
2021-05-20 22:00;2461;24622;2461;24622;5020;
2021-05-21 12:00;2472;2472;2472;2472;600;
2021-05-21 14:00;24719;24829;246585;24756;130148;
2021-05-21 16:00;24758;24777;24548;24549;263458;
2021-05-21 18:00;24549;24593;24498;24559;199385;
2021-05-21 20:00;24564;24598;24475;24522;413057;
2021-05-21 22:00;24503;24503;24503;24503;100;
2021-05-24 14:00;24673;25004;24673;24962;181187;
2021-05-24 16:00;24964;25086;24964;25067;307336;
2021-05-24 18:00;25066;25104;25005;25058;194468;
2021-05-24 20:00;25062;25115;25053;25086;404191;
2021-05-25 14:00;25176;25266;25084;25137;122257;
2021-05-25 16:00;25138;25201;25082;25169;246111;
2021-05-25 18:00;25172;25194;25095;25113;217979;
2021-05-25 20:00;251135;25186;2509;25178;379576;
2021-05-25 22:00;25137;25137;25137;25137;1200;
2021-05-26 12:00;2524;2524;2524;2524;100;
2021-05-26 14:00;25115;25284;25104;25129;93009;
2021-05-26 16:00;25135;25178;250875;25134;216587;
2021-05-26 18:00;25136;25163;25082;251;188546;
2021-05-26 20:00;25097;25158;25076;25149;289058;
2021-05-27 12:00;25018;25018;25018;25018;100;
2021-05-27 14:00;25053;25144;25027;25029;105397;
2021-05-27 16:00;25025;25138;25013;25097;217978;
2021-05-27 18:00;25098;25106;25013;25022;185154;
2021-05-27 20:00;25022;25033;24928;2494;431290;
2021-05-27 22:00;2501;25022;2501;25022;600;
2021-05-28 14:00;2506;25205;25036;25119;111937;
2021-05-28 16:00;25119;25174;25058;25167;187404;
2021-05-28 18:00;25168;25207;2506;25078;166583;
2021-05-28 20:00;25082;25096;24957;2498;409335;
2021-05-28 22:00;24968;25001;24968;25001;3105;
2021-06-01 12:00;25059;25059;25059;25059;100;
2021-06-01 14:00;25112;2513;24944;25003;92336;
2021-06-01 16:00;24997;25005;24768;24833;284563;
2021-06-01 18:00;24834;24837;24771;24827;147789;
2021-06-01 20:00;24826;24847;24696;24739;348710;
2021-06-01 22:00;24744;24744;24735;24735;12041;
2021-06-02 14:00;24823;2489;24732;24847;169639;
2021-06-02 16:00;24847;24927;24797;24812;292223;
2021-06-02 18:00;24813;24829;24598;2463;179531;
2021-06-02 20:00;24628;24743;24586;24728;331962;
2021-06-03 12:00;24522;24522;24522;24522;100;
2021-06-03 14:00;24544;24605;24362;24378;187672;
2021-06-03 16:00;24376;24631;243;24544;438382;
2021-06-03 18:00;24549;24581;24496;24531;185945;
2021-06-03 20:00;2453;24601;24488;24568;386190;
2021-06-04 14:00;24601;24954;24601;24899;241623;
2021-06-04 16:00;24898;25163;24898;25119;490082;
2021-06-04 18:00;25124;2513;25061;25098;292133;
2021-06-04 20:00;25099;2514;25055;25066;581163;
2021-06-07 12:00;25044;25044;25035;25035;200;
2021-06-07 14:00;25039;25219;249835;2521;184996;
2021-06-07 16:00;25209;25321;25195;25241;366568;
2021-06-07 18:00;25241;25281;25204;25229;162910;
2021-06-07 20:00;2523;25409;252105;25388;446498;
2021-06-07 22:00;25402;25402;2539;2539;644;
2021-06-08 14:00;2553;256;25434;25478;188307;
2021-06-08 16:00;25477;2553;25289;25314;327077;
2021-06-08 18:00;25295;253415;25257;25276;204457;
2021-06-08 20:00;25275;25375;25252;25258;311772;
2021-06-09 12:00;25328;25328;25328;25328;100;
2021-06-09 14:00;25401;25552;25342;25473;163924;
2021-06-09 16:00;254725;25492;25322;25427;288704;
2021-06-09 18:00;25419;25533;25417;25484;211961;
2021-06-09 20:00;25486;25504;25338;25364;435366;
2021-06-10 14:00;25265;25634;25205;25587;196544;
2021-06-10 16:00;25588;25689;2546;25675;437002;
2021-06-10 18:00;25678;25746;256295;25698;281296;
2021-06-10 20:00;257;25744;25626;25724;399222;
2021-06-10 22:00;25706;25789;25706;25789;1302;
2021-06-11 14:00;25807;25823;25684;25771;137749;
2021-06-11 16:00;25769;25848;25734;25743;346241;
2021-06-11 18:00;257425;25757;25663;25715;220702;
2021-06-11 20:00;25713;25792;25713;25781;388702;
2021-06-11 22:00;2577;25779;25765;25765;1893;
2021-06-14 12:00;25851;25857;25851;25857;300;
2021-06-14 14:00;25825;25865;2568;25775;94391;
2021-06-14 16:00;25776;25799;25696;25793;181590;
2021-06-14 18:00;25791;25844;25766;25839;91195;
2021-06-14 20:00;2584;25995;25793;25988;365045;
2021-06-15 12:00;25995;25995;25995;25995;100;
2021-06-15 14:00;26002;26002;25847;25932;88789;
2021-06-15 16:00;25935;25971;25863;25945;279816;
2021-06-15 18:00;25945;25958;25815;25835;223839;
2021-06-15 20:00;25835;25878;25768;25863;372674;
2021-06-16 12:00;25841;25841;25841;25841;100;
2021-06-16 14:00;25847;26056;25847;26005;155429;
2021-06-16 16:00;26008;26058;25873;25879;299922;
2021-06-16 18:00;25879;25911;258045;25862;195141;
2021-06-16 20:00;2585;2585;25445;25749;775898;
2021-06-16 22:00;25724;25724;25724;25724;100;
2021-06-17 00:00;25578;25578;25578;25578;491;
2021-06-17 14:00;25613;25796;25612;2578;90963;
2021-06-17 16:00;25781;26061;25753;26049;467077;
2021-06-17 18:00;26054;26143;25938;260915;371736;
2021-06-17 20:00;260965;26174;26057;26099;571535;
2021-06-17 22:00;261;261;261;261;400;
2021-06-18 12:00;2606;2606;2606;2606;100;
2021-06-18 14:00;26038;26116;25875;26017;203097;
2021-06-18 16:00;26018;26228;25949;25997;406887;
2021-06-18 18:00;25999;26109;25982;26065;182840;
2021-06-18 20:00;26064;26113;25893;25921;566874;
2021-06-18 22:00;25935;25943;2588;2588;1532;
2021-06-21 12:00;26093;26093;26045;26045;200;
2021-06-21 14:00;25945;26045;25796;26028;162725;
2021-06-21 16:00;26035;26351;26023;26296;464787;
2021-06-21 18:00;26301;26313;26169;26271;216957;
2021-06-21 20:00;26272;26292;26189;26259;471371;
2021-06-21 22:00;26268;26269;26268;26269;800;
2021-06-22 12:00;26352;26352;26335;26335;200;
2021-06-22 14:00;2627;26468;26244;26407;192113;
2021-06-22 16:00;2641;26476;26338;26425;304005;
2021-06-22 18:00;26429;26478;26417;26459;163868;
2021-06-22 20:00;26459;26579;26444;26552;511866;
2021-06-22 22:00;26551;26551;26551;26551;110;
2021-06-23 12:00;26558;26636;26558;26632;1137;
2021-06-23 14:00;26632;26681;26524;26614;129648;
2021-06-23 16:00;26616;26635;26444;26534;284363;
2021-06-23 18:00;26534;2656;26443;26527;185363;
2021-06-23 20:00;26526;26561;26485;26527;281002;
2021-06-24 12:00;26656;26661;26656;26661;318;
2021-06-24 14:00;2667;26741;26551;2668;126129;
2021-06-24 16:00;26681;26755;26641;26714;328640;
2021-06-24 18:00;26714;26785;26621;26643;268061;
2021-06-24 20:00;2664;26695;26609;26662;313139;
2021-06-24 22:00;2666;26673;26658;26673;800;
2021-06-25 12:00;26738;26738;26694;26694;619;
2021-06-25 14:00;26691;26723;26561;26582;148868;
2021-06-25 16:00;26577;26626;26494;26582;202223;
2021-06-25 18:00;26581;26581;26476;26531;194250;
2021-06-25 20:00;26532;2663;2649;26505;488748;
2021-06-25 22:00;2649;26513;2649;26513;500;
2021-06-28 14:00;2666;26843;26598;26778;148491;
2021-06-28 16:00;26779;26854;26745;2683;266145;
2021-06-28 18:00;26829;26856;26774;2678;201509;
2021-06-28 20:00;26779;2689;26765;26875;483069;
2021-06-28 22:00;26875;26886;26872;26876;3884;
2021-06-29 12:00;26895;26895;26895;26895;100;
2021-06-29 14:00;26845;26988;268;26937;134052;
2021-06-29 16:00;26949;26993;269;26983;255873;
2021-06-29 18:00;26985;27114;26976;27111;264398;
2021-06-29 20:00;27113;27165;27106;27148;408178;
2021-06-29 22:00;27098;27113;27098;27113;200;
2021-06-30 14:00;27094;271;26993;2702;127716;
2021-06-30 16:00;27021;27135;27007;27027;237091;
2021-06-30 18:00;27027;27061;26961;27046;171753;
2021-06-30 20:00;27048;27128;27017;27085;429707;
2021-06-30 22:00;27091;271;27091;27094;2384;
2021-07-01 12:00;27058;27058;27058;27058;602;
2021-07-01 14:00;26982;27086;26964;27081;153632;
2021-07-01 16:00;27076;27112;26996;27054;252976;
2021-07-01 18:00;27056;27083;2701;2706;144249;
2021-07-01 20:00;2706;2718;27051;27172;338268;
2021-07-01 22:00;27168;2717;27159;27159;400;
2021-07-02 14:00;27261;27517;2725;27474;289281;
2021-07-02 16:00;27475;27648;274435;27615;349518;
2021-07-02 18:00;27616;27714;27612;2771;327825;
2021-07-02 20:00;27711;278;27681;27774;583702;
2021-07-02 22:00;27741;27762;27741;27762;300;
2021-07-06 12:00;27838;27855;27838;2785;400;
2021-07-06 14:00;27825;2792;27764;27815;229211;
2021-07-06 16:00;2782;27934;27706;27738;439955;
2021-07-06 18:00;27737;27754;27435;27619;424467;
2021-07-06 20:00;27617;27773;27614;27761;409334;
2021-07-06 22:00;27763;27764;27763;27764;208;
2021-07-07 12:00;2792;2792;2792;2792;2637;
2021-07-07 14:00;27867;27992;27814;27915;173046;
2021-07-07 16:00;2791;2805;27813;27967;481685;
2021-07-07 18:00;27971;28023;27936;27987;257871;
2021-07-07 20:00;27997;28069;27971;28005;397492;
2021-07-08 00:00;28023;28035;28023;28035;600;
2021-07-08 12:00;27739;27739;27639;2764;1348;
2021-07-08 14:00;27616;27872;27525;27765;277636;
2021-07-08 16:00;27763;27791;27487;27736;466684;
2021-07-08 18:00;2774;2782;27693;27803;217604;
2021-07-08 20:00;27804;27812;27665;2775;480405;
2021-07-08 22:00;27752;27756;27748;27748;3021;
2021-07-09 12:00;2765;2765;27649;27649;200;
2021-07-09 14:00;27655;27692;27533;27646;187900;
2021-07-09 16:00;27653;27769;27532;27726;404792;
2021-07-09 18:00;2773;27787;27709;27736;260374;
2021-07-09 20:00;27737;27799;27699;27788;443262;
2021-07-09 22:00;27774;27802;27774;27802;2177;
2021-07-12 12:00;2789;2789;2789;2789;100;
2021-07-12 14:00;27935;27973;27764;27792;160329;
2021-07-12 16:00;27793;27796;27677;27722;267699;
2021-07-12 18:00;27725;27745;2766;27732;151210;
2021-07-12 20:00;27735;27793;27696;27735;341885;
2021-07-12 22:00;27749;27749;2774;2774;600;
2021-07-13 12:00;27847;27847;27847;27847;819;
2021-07-13 14:00;27692;28056;27656;28045;154326;
2021-07-13 16:00;28052;28283;28051;28245;450714;
2021-07-13 18:00;28244;28247;27995;28042;323486;
2021-07-13 20:00;28036;28138;27961;28103;454208;
2021-07-14 12:00;28192;28192;28192;28192;100;
2021-07-14 14:00;28203;28271;28058;28212;153381;
2021-07-14 16:00;28227;28365;28167;28169;364470;
2021-07-14 18:00;28168;28304;28168;28224;192011;
2021-07-14 20:00;28233;28349;28225;28256;504824;
2021-07-14 22:00;282755;2828;2826;28263;3785;
2021-07-15 00:00;28241;28241;28241;28241;300;
2021-07-15 12:00;2827;2827;28195;28241;1599;
2021-07-15 14:00;282;2825;28088;28174;128503;
2021-07-15 16:00;28178;28182;27985;28073;367879;
2021-07-15 18:00;28075;28199;28014;28037;287926;
2021-07-15 20:00;28036;2813;280195;28109;404623;
2021-07-15 22:00;28097;28101;28097;28101;200;
2021-07-16 14:00;28169;28409;28169;28271;263649;
2021-07-16 16:00;28278;28308;27946;28037;389158;
2021-07-16 18:00;28036;28269;28034;282255;392813;
2021-07-16 20:00;28225;28229;28063;28075;360353;
2021-07-16 22:00;28084;28084;28077;2808;688;
2021-07-19 12:00;27985;27985;27862;27899;815;
2021-07-19 14:00;279;28024;27788;27864;244062;
2021-07-19 16:00;27863;27915;27524;27657;449886;
2021-07-19 18:00;27654;27694;27543;27592;246997;
2021-07-19 20:00;27587;27717;27583;27707;471917;
2021-07-19 22:00;2771;27799;2771;27799;676;
2021-07-20 12:00;27851;27851;27851;27851;100;
2021-07-20 14:00;2781;2783;27626;27774;104963;
2021-07-20 16:00;27773;27878;276545;27875;293498;
2021-07-20 18:00;27874;28018;27871;27939;256967;
2021-07-20 20:00;27937;28096;27915;27932;388405;
2021-07-21 12:00;27931;27931;2785;2785;400;
2021-07-21 14:00;27889;28008;278155;28002;151553;
2021-07-21 16:00;27998;28096;27949;2806;325201;
2021-07-21 18:00;28063;28066;27946;28042;241056;
2021-07-21 20:00;2804;28152;28008;28137;446179;
2021-07-21 22:00;28143;28143;28143;28143;500;
2021-07-22 12:00;28389;2842;28379;2842;700;
2021-07-22 14:00;284;28604;28344;28528;199535;
2021-07-22 16:00;28524;2864;28478;28535;344183;
2021-07-22 18:00;28539;2854;28449;28497;204112;
2021-07-22 20:00;28498;28642;2849;28616;395289;
2021-07-22 22:00;286;2874;286;2874;1700;
2021-07-23 12:00;28795;28795;2878;28785;740;
2021-07-23 14:00;28794;28852;28658;288;140140;
2021-07-23 16:00;28799;289675;28786;28928;352708;
2021-07-23 18:00;28928;28987;28889;28936;233165;
2021-07-23 20:00;28933;28999;28861;28971;382124;
2021-07-23 22:00;28962;28962;28953;28953;436;
2021-07-26 12:00;28976;29021;28976;29021;670;
2021-07-26 14:00;28948;28948;28668;28804;101646;
2021-07-26 16:00;28804;28854;28666;28854;202593;
2021-07-26 18:00;28853;28936;28814;28884;132237;
2021-07-26 20:00;28885;28969;28857;2891;287273;
2021-07-26 22:00;28905;2893;28905;2893;800;
2021-07-27 12:00;28977;28977;28955;28955;200;
2021-07-27 14:00;2896;28965;28776;28864;95420;
2021-07-27 16:00;28859;28877;28386;28512;369183;
2021-07-27 18:00;28508;28539;28298;28356;279372;
2021-07-27 20:00;28362;28698;28351;28689;457117;
2021-07-27 22:00;28654;28845;27679;279;44143;
2021-07-28 00:00;2788;29127;2788;28775;31801;
2021-07-28 12:00;2885;291;2885;28993;24792;
2021-07-28 14:00;2896;29168;28388;28781;342229;
2021-07-28 16:00;2878;29013;28691;28744;398539;
2021-07-28 18:00;28735;28766;28592;2862;218663;
2021-07-28 20:00;28624;28711;285385;28624;416507;
2021-07-28 22:00;28668;28668;28668;28668;100;
2021-07-29 12:00;286;286;28591;28591;270;
2021-07-29 14:00;28628;2886;28628;28821;187511;
2021-07-29 16:00;28821;28839;28608;28626;365503;
2021-07-29 18:00;28632;28701;28618;28677;141454;
2021-07-29 20:00;286795;28717;28644;28651;313417;
2021-07-29 22:00;28647;28665;2858;2858;504;
2021-07-30 12:00;28516;28517;28516;28517;200;
2021-07-30 14:00;28529;28657;2846;28484;114687;
2021-07-30 16:00;28483;28575;28449;28471;271871;
2021-07-30 18:00;28472;28546;28444;28447;166832;
2021-07-30 20:00;28451;28528;28391;28499;485877;
2021-07-30 22:00;28515;2852;28505;28505;1676;
2021-08-02 12:00;2859;2859;2859;2859;100;
2021-08-02 14:00;28554;28676;283755;2848;189504;
2021-08-02 16:00;2847;28641;28411;28572;255440;
2021-08-02 18:00;28573;28613;28516;28569;172871;
2021-08-02 20:00;28571;2859;28463;28469;208105;
2021-08-02 22:00;28482;28482;28471;28471;983;
2021-08-03 12:00;28476;28476;28476;28476;108;
2021-08-03 14:00;28481;28687;2846;2849;104111;
2021-08-03 16:00;284915;28682;28422;28668;316923;
2021-08-03 18:00;28672;2871;28618;2863;179793;
2021-08-03 20:00;28634;28722;28607;28718;311739;
2021-08-03 22:00;28712;28712;28705;28705;1003;
2021-08-04 14:00;286;28715;28581;2868;114794;
2021-08-04 16:00;2868;28688;28465;28647;327271;
2021-08-04 18:00;28643;28703;28612;28639;159872;
2021-08-04 20:00;28642;28758;28641;28647;240995;
2021-08-05 12:00;28681;28681;28681;28681;100;
2021-08-05 14:00;28688;28781;28614;28772;89787;
2021-08-05 16:00;28774;2888;28757;28821;242177;
2021-08-05 18:00;28821;28871;28797;2886;137375;
2021-08-05 20:00;2886;28962;2886;2895;296313;
2021-08-06 12:00;28964;28964;28964;28964;100;
2021-08-06 14:00;28875;2895;28814;28851;96204;
2021-08-06 16:00;28854;2889;28764;28836;217431;
2021-08-06 18:00;28842;2885;28797;2882;129764;
2021-08-06 20:00;28829;28949;28803;28948;245569;
2021-08-06 22:00;28933;28933;28933;28933;300;
2021-08-09 12:00;2903;2903;2903;2903;100;
2021-08-09 14:00;28997;29153;28883;28929;125274;
2021-08-09 16:00;28934;28962;28822;28845;247644;
2021-08-09 18:00;288505;2886;28781;28814;157702;
2021-08-09 20:00;28814;28857;28804;28835;228281;
2021-08-10 14:00;28876;28919;28805;28886;76555;
2021-08-10 16:00;28892;28924;28521;2858;308821;
2021-08-10 18:00;28585;28652;28548;2859;163036;
2021-08-10 20:00;28591;2865;28542;28649;240754;
2021-08-10 22:00;2864;2864;2864;2864;200;
2021-08-11 14:00;28681;28864;28681;28744;118208;
2021-08-11 16:00;28746;28804;28593;2863;259410;
2021-08-11 18:00;2863;28721;2863;28669;144791;
2021-08-11 20:00;28669;28713;28644;28698;242129;
2021-08-12 14:00;28705;28808;28635;2877;60418;
2021-08-12 16:00;28767;28972;28696;28905;221818;
2021-08-12 18:00;28902;2896;28874;28952;99953;
2021-08-12 20:00;28947;28997;28943;28968;241556;
2021-08-12 22:00;28961;28966;28961;28966;500;
2021-08-13 14:00;28908;2909;28908;29073;106644;
2021-08-13 16:00;29061;29215;290235;29101;225766;
2021-08-13 18:00;29097;29191;29096;29182;99946;
2021-08-13 20:00;29182;2929;29171;29283;256726;
2021-08-13 22:00;29285;29309;29285;29309;400;
2021-08-16 14:00;2922;29453;29215;29315;167534;
2021-08-16 16:00;29312;29324;29003;291645;264939;
2021-08-16 18:00;29177;29365;29165;2933;154846;
2021-08-16 20:00;29334;29481;2931;29465;306110;
2021-08-16 22:00;2946;2946;2946;2946;844;
2021-08-17 12:00;29357;29357;29319;29339;700;
2021-08-17 14:00;29331;29343;29164;29215;102080;
2021-08-17 16:00;291995;29329;29122;29122;278430;
2021-08-17 18:00;29123;29285;29109;29269;245528;
2021-08-17 20:00;2927;2934;29255;29327;316331;
2021-08-18 12:00;29285;29285;29285;29285;100;
2021-08-18 14:00;29212;2948;2917;29422;131653;
2021-08-18 16:00;29418;2946;29275;29346;254436;
2021-08-18 18:00;29345;2941;29311;29341;148954;
2021-08-18 20:00;2934;29419;29027;29074;483693;
2021-08-18 22:00;29078;29078;29015;29015;2878;
2021-08-19 12:00;28851;289;28851;289;604;
2021-08-19 14:00;28834;29159;28834;29074;146990;
2021-08-19 16:00;29081;29462;29069;29445;294577;
2021-08-19 18:00;29456;29696;29448;2961;344168;
2021-08-19 20:00;29608;29745;29499;29683;441129;
2021-08-19 22:00;29678;29683;29677;29683;567;
2021-08-20 14:00;2969;30351;2969;30261;294514;
2021-08-20 16:00;30261;30583;30232;30378;718392;
2021-08-20 18:00;30371;30509;30361;30418;261411;
2021-08-20 20:00;30421;3051;30406;30426;456401;
2021-08-20 22:00;30436;30436;30431;30431;200;
2021-08-21 00:00;3043;3043;3043;3043;100;
2021-08-23 12:00;30472;30472;3039;30402;600;
2021-08-23 14:00;30409;30539;30186;30401;178935;
2021-08-23 16:00;30399;30514;30337;30421;255762;
2021-08-23 18:00;30418;30447;30356;30425;147195;
2021-08-23 20:00;30428;305145;30412;30467;229940;
2021-08-23 22:00;30456;30456;30456;30456;100;
2021-08-24 12:00;30527;30527;30497;30497;396;
2021-08-24 14:00;3046;30565;30333;30369;109485;
2021-08-24 16:00;30367;30446;30202;30259;181081;
2021-08-24 18:00;30259;30306;30208;3029;87397;
2021-08-24 20:00;30291;30326;30225;30271;188143;
2021-08-25 12:00;3029;3029;3029;3029;100;
2021-08-25 14:00;30338;30455;30115;30193;148766;
2021-08-25 16:00;30205;30251;30134;30134;169760;
2021-08-25 18:00;30135;30154;30077;30102;100894;
2021-08-25 20:00;30103;30248;30042;302;207735;
2021-08-26 12:00;30173;30215;30172;30215;364;
2021-08-26 14:00;30113;3024;3009;3011;76254;
2021-08-26 16:00;3011;30188;29963;30048;226026;
2021-08-26 18:00;3005;30107;3005;30064;70279;
2021-08-26 20:00;30062;3007;29895;29904;274377;
2021-08-26 22:00;29913;29913;29913;29913;100;
2021-08-27 12:00;3003;3003;3003;3003;200;
2021-08-27 14:00;299955;299955;29683;29761;132680;
2021-08-27 16:00;29758;30086;29733;2997;295756;
2021-08-27 18:00;29977;29998;29913;29955;109902;
2021-08-27 20:00;29951;30011;29899;29959;262208;
2021-08-27 22:00;29972;29972;29972;29972;282;
2021-08-30 14:00;30101;30392;30063;30312;110543;
2021-08-30 16:00;30323;30421;30233;30335;215482;
2021-08-30 18:00;30337;30367;3027;30342;127989;
2021-08-30 20:00;3034;30387;30307;30358;222117;
2021-08-30 22:00;3037;3037;30347;30357;800;
2021-08-31 12:00;304;30416;304;30416;300;
2021-08-31 14:00;3032;30467;30235;30273;106367;
2021-08-31 16:00;30269;30434;3025;30377;166689;
2021-08-31 18:00;30374;30403;30282;303175;110802;
2021-08-31 20:00;3032;30348;30153;3019;494544;
2021-08-31 22:00;30199;30199;30188;30193;6086;
2021-09-01 14:00;30315;30506;30271;30461;136795;
2021-09-01 16:00;3046;30518;30328;30339;155947;
2021-09-01 18:00;30336;30361;30262;30326;119878;
2021-09-01 20:00;30333;30336;30149;30191;266225;
2021-09-02 14:00;30211;30335;30192;30282;125908;
2021-09-02 16:00;30283;30293;30109;30115;184844;
2021-09-02 18:00;30105;30112;30042;30062;151503;
2021-09-02 20:00;30052;3012;30019;30118;293460;
2021-09-02 22:00;30125;30157;30125;30157;2800;
2021-09-03 14:00;30236;30236;30028;3017;77949;
2021-09-03 16:00;3017;30258;30126;30191;157802;
2021-09-03 18:00;30189;30238;30151;30211;92455;
2021-09-03 20:00;30209;30209;3009;30115;174356;
2021-09-07 14:00;3011;3011;29835;29935;141444;
2021-09-07 16:00;29933;30061;2982;30042;220997;
2021-09-07 18:00;30038;30089;30022;30036;120817;
2021-09-07 20:00;30032;30037;29966;30017;198840;
2021-09-08 12:00;29961;29961;29961;29961;100;
2021-09-08 14:00;2997;30058;29856;29902;84434;
2021-09-08 16:00;29902;29954;29748;29818;217961;
2021-09-08 18:00;29814;29921;29805;29874;115646;
2021-09-08 20:00;29872;30023;2986;30022;224504;
2021-09-08 22:00;300;300;300;300;100;
2021-09-09 12:00;29996;29996;29996;29996;100;
2021-09-09 14:00;29999;30213;29974;30137;87988;
2021-09-09 16:00;30139;301905;29874;29935;272686;
2021-09-09 18:00;29935;29941;29748;29755;196463;
2021-09-09 20:00;29755;29823;297;29727;307532;
2021-09-10 12:00;29846;29846;29846;29846;100;
2021-09-10 14:00;29847;29904;29758;29777;114080;
2021-09-10 16:00;29777;2981;29641;29794;296182;
2021-09-10 18:00;29794;29991;29782;29884;235217;
2021-09-10 20:00;29884;29888;29539;29578;469726;
2021-09-10 22:00;29634;29634;29634;29634;100;
2021-09-13 14:00;29773;29851;29625;29705;114965;
2021-09-13 16:00;29703;29711;29412;29447;313734;
2021-09-13 18:00;29449;29636;29413;29588;231654;
2021-09-13 20:00;29591;29719;29506;29706;412868;
2021-09-13 22:00;29702;29702;29701;29701;200;
2021-09-14 14:00;2971;30007;2971;29912;130878;
2021-09-14 16:00;29904;30092;29852;3009;275247;
2021-09-14 18:00;30093;30138;30008;30062;188895;
2021-09-14 20:00;30061;3007;29932;2999;375601;
2021-09-14 22:00;30006;30006;29973;29973;700;
2021-09-15 00:00;30135;303;30135;303;5177;
2021-09-15 12:00;30353;30353;30334;30341;400;
2021-09-15 14:00;30341;30525;30282;30291;183103;
2021-09-15 16:00;30293;3037;301885;30263;325938;
2021-09-15 18:00;30261;30482;30214;30416;272067;
2021-09-15 20:00;30417;30525;30403;30481;382022;
2021-09-15 22:00;3048;30487;3048;30487;249;
2021-09-16 14:00;30392;30434;30257;30278;110632;
2021-09-16 16:00;30273;30273;30077;30182;274923;
2021-09-16 18:00;30183;30346;30166;30337;188339;
2021-09-16 20:00;30338;3053;3032;30525;385040;
2021-09-17 00:00;30465;30465;30465;30465;100;
2021-09-17 14:00;30499;3056;30183;30236;154780;
2021-09-17 16:00;30233;30237;29988;3004;435910;
2021-09-17 18:00;3004;30129;2996;30007;247038;
2021-09-17 20:00;30004;30071;29955;29981;441642;
2021-09-17 22:00;30022;30022;29996;29996;5017;
2021-09-20 12:00;2965;2965;29649;2965;1200;
2021-09-20 14:00;29614;29872;29522;2969;223146;
2021-09-20 16:00;29686;29704;29326;2933;431593;
2021-09-20 18:00;29331;29349;29191;2927;278540;
2021-09-20 20:00;29279;29485;28954;29425;578681;
2021-09-20 22:00;29517;29517;29335;2938;4956;
2021-09-21 12:00;29613;29671;29613;29671;760;
2021-09-21 14:00;29583;29753;2942;29654;150221;
2021-09-21 16:00;29652;29697;29415;29642;315724;
2021-09-21 18:00;296455;29689;29462;29488;165040;
2021-09-21 20:00;294885;2967;29468;2947;410465;
2021-09-21 22:00;29462;29462;29405;29412;8626;
2021-09-22 14:00;29615;29697;29452;2962;94854;
2021-09-22 16:00;29623;29989;29615;29905;309856;
2021-09-22 18:00;29901;29906;29705;2975;137446;
2021-09-22 20:00;29747;3002;29627;29855;476881;
2021-09-22 22:00;29833;29853;29833;29853;300;
2021-09-23 14:00;29986;29986;29758;29926;126873;
2021-09-23 16:00;29936;30089;29933;30017;288720;
2021-09-23 18:00;30017;30035;29935;30012;159892;
2021-09-23 20:00;30015;30039;29954;29956;314829;
2021-09-23 22:00;2997;2997;2995;2995;1504;
2021-09-24 12:00;2984;29859;2984;29859;200;
2021-09-24 14:00;2983;29945;29777;29851;115314;
2021-09-24 16:00;29856;29896;29697;29765;252569;
2021-09-24 18:00;29764;29878;2973;29821;134332;
2021-09-24 20:00;29829;2998;2981;29934;232482;
2021-09-24 22:00;29935;29957;29935;29957;200;
2021-09-27 12:00;29775;29775;29775;29775;1000;
2021-09-27 14:00;29775;29775;2936;29429;172282;
2021-09-27 16:00;29425;2962;29325;29369;363220;
2021-09-27 18:00;29362;29439;29295;29401;203459;
2021-09-27 20:00;29404;29486;29363;2942;379676;
2021-09-27 22:00;294;294;294;294;100;
2021-09-28 12:00;2898;2898;28876;2898;4917;
2021-09-28 14:00;28953;29072;28756;28891;198313;
2021-09-28 16:00;28878;28881;28439;28571;567902;
2021-09-28 18:00;28569;28644;28456;28508;348823;
2021-09-28 20:00;28508;28666;28275;28352;897399;
2021-09-28 22:00;28369;28369;2834;2834;2674;
2021-09-29 12:00;28588;28588;28588;28588;200;
2021-09-29 14:00;28527;286305;28321;28603;161501;
2021-09-29 16:00;28604;28665;28348;284105;327421;
2021-09-29 18:00;28409;28527;28301;2848;260414;
2021-09-29 20:00;2848;28677;28334;28402;498993;
2021-09-29 22:00;28412;28444;28412;28416;1962;
2021-09-30 14:00;28562;28733;2849;2864;102004;
2021-09-30 16:00;28645;28783;2838;28418;342448;
2021-09-30 18:00;28413;28423;28189;28347;229195;
2021-09-30 20:00;28345;2849;28163;28173;474564;
2021-09-30 22:00;2821;2821;2819;28194;2039;
2021-10-01 12:00;28156;2827;28156;28259;300;
2021-10-01 14:00;2828;28413;28138;28371;149442;
2021-10-01 16:00;28359;28684;28257;28629;328821;
2021-10-01 18:00;28642;28746;28582;28706;192943;
2021-10-01 20:00;28715;28998;28699;2891;405622;
2021-10-01 22:00;28807;2887;288;28831;53271;
2021-10-04 12:00;28702;28702;28699;28699;400;
2021-10-04 14:00;28775;2882;28356;2841;160269;
2021-10-04 16:00;28402;28425;28041;2823;430194;
2021-10-04 18:00;28227;28258;28025;28108;222253;
2021-10-04 20:00;28111;28354;28109;28321;466975;
2021-10-04 22:00;28353;28353;28341;28341;300;
2021-10-05 00:00;28344;28344;28344;28344;200;
2021-10-05 14:00;28394;28605;28381;28574;106620;
2021-10-05 16:00;28582;2892;2857;28919;239847;
2021-10-05 18:00;28921;29039;28885;29002;146442;
2021-10-05 20:00;29022;29023;28852;28883;324417;
2021-10-05 22:00;28874;28878;28862;28865;715;
2021-10-06 14:00;28595;28843;28558;28688;111935;
2021-10-06 16:00;28688;29084;28593;28981;281894;
2021-10-06 18:00;28978;29198;28848;29166;250585;
2021-10-06 20:00;29176;29363;29126;29311;498414;
2021-10-06 22:00;2932;29322;2932;2932;1467;
2021-10-07 12:00;29627;29636;29615;29615;1466;
2021-10-07 14:00;29617;2963;29396;2954;117248;
2021-10-07 16:00;29546;29664;29517;29635;254978;
2021-10-07 18:00;29637;29654;29536;29553;155133;
2021-10-07 20:00;29553;29593;29452;29469;295460;
2021-10-07 22:00;29451;2949;29451;2949;400;
2021-10-08 12:00;29527;29527;29527;29527;100;
2021-10-08 14:00;2968;2968;2946;29513;66208;
2021-10-08 16:00;29513;29652;29454;29477;144333;
2021-10-08 18:00;29484;29541;29377;29476;111385;
2021-10-08 20:00;2948;29562;29409;2948;185966;
2021-10-11 12:00;29188;29188;29188;29188;100;
2021-10-11 14:00;29299;29649;2928;29623;90523;
2021-10-11 16:00;29623;29796;29613;29679;190655;
2021-10-11 18:00;29671;29671;29527;29587;146573;
2021-10-11 20:00;29582;29638;29416;29423;215293;
2021-10-11 22:00;29403;29403;29403;29403;152;
2021-10-12 12:00;29502;29502;29502;29502;116;
2021-10-12 14:00;29592;29592;2927;29301;68928;
2021-10-12 16:00;29297;29421;2928;29421;130332;
2021-10-12 18:00;2943;29484;29348;29366;114115;
2021-10-12 20:00;2936;29494;29235;2929;265017;
2021-10-12 22:00;2926;2926;29241;29241;3090;
2021-10-13 12:00;295;295;295;295;100;
2021-10-13 14:00;29495;29725;29389;29558;108351;
2021-10-13 16:00;29571;29605;29349;29449;204226;
2021-10-13 18:00;29451;29534;29371;29486;121699;
2021-10-13 20:00;29485;29684;2943;29635;407514;
2021-10-13 22:00;29631;29631;29592;29625;600;
2021-10-14 14:00;29914;3003;29787;29984;185974;
2021-10-14 16:00;29989;30108;29974;301;250440;
2021-10-14 18:00;30101;3019;301;30139;164243;
2021-10-14 20:00;30139;30327;30134;30262;430626;
2021-10-14 22:00;30275;30318;30275;30315;690;
2021-10-15 00:00;3031;3031;3031;3031;100;
2021-10-15 14:00;30304;30312;30109;30134;133109;
2021-10-15 16:00;3014;30182;30054;30108;250017;
2021-10-15 18:00;3011;30429;30109;30426;199108;
2021-10-15 20:00;30427;30444;30331;30417;300622;
2021-10-15 22:00;3041;3041;3041;3041;100;
2021-10-18 14:00;30333;30507;30254;30444;118955;
2021-10-18 16:00;30453;30497;30341;30464;211252;
2021-10-18 18:00;30466;30761;30457;30759;203085;
2021-10-18 20:00;30757;30769;3063;30719;286134;
2021-10-18 22:00;30743;30743;30733;30733;300;
2021-10-19 12:00;30849;30849;30849;30849;100;
2021-10-19 14:00;30866;3093;307255;30813;144341;
2021-10-19 16:00;30817;30899;30783;30793;183927;
2021-10-19 18:00;30792;30869;30771;30847;76137;
2021-10-19 20:00;3085;30854;30771;30833;227676;
2021-10-20 12:00;309;309;309;309;100;
2021-10-20 14:00;30925;30972;30852;30869;83302;
2021-10-20 16:00;30867;30877;30699;30719;178371;
2021-10-20 18:00;30725;30739;30612;30678;105960;
2021-10-20 20:00;30669;30771;30669;30748;157945;
2021-10-21 14:00;30669;3087;30642;30806;79601;
2021-10-21 16:00;30801;30938;3078;30882;156644;
2021-10-21 18:00;30884;30978;30884;30943;82964;
2021-10-21 20:00;30944;31102;30934;31065;235795;
2021-10-21 22:00;31078;31224;30971;310;3148;
2021-10-22 12:00;311;311;311;311;100;
2021-10-22 14:00;3109;31105;30856;30949;111967;
2021-10-22 16:00;3096;31025;30791;30839;215508;
2021-10-22 18:00;30826;310;308;30868;106067;
2021-10-22 20:00;30874;31026;30873;3091;178517;
2021-10-22 22:00;30916;3094;30905;30905;1100;
2021-10-25 12:00;30911;30911;30911;30911;100;
2021-10-25 14:00;30929;30936;30653;30743;118663;
2021-10-25 16:00;30744;30856;3072;30811;161304;
2021-10-25 18:00;30811;3091;30811;30854;101848;
2021-10-25 20:00;3085;3088;30751;30827;222653;
2021-10-25 22:00;30807;30919;30806;30919;1851;
2021-10-26 14:00;30995;3111;30864;30877;155462;
2021-10-26 16:00;30891;31239;30875;31097;200244;
2021-10-26 18:00;31097;31106;30942;31028;203612;
2021-10-26 20:00;31026;31077;30939;30998;342306;
2021-10-26 22:00;31269;31634;3084;3105;88813;
2021-10-27 00:00;31003;31621;31003;3151;14788;
2021-10-27 12:00;316;316;31458;31491;904;
2021-10-27 14:00;31419;3199;3141;31965;388198;
2021-10-27 16:00;3197;324775;31895;32234;715248;
2021-10-27 18:00;32243;32608;32219;32555;386211;
2021-10-27 20:00;32557;32581;32314;32314;578847;
2021-10-27 22:00;32377;32377;32317;32317;2100;
2021-10-28 12:00;32502;3256;32502;3256;500;
2021-10-28 14:00;32471;32534;32139;32182;173646;
2021-10-28 16:00;32179;32437;32148;32378;345096;
2021-10-28 18:00;32381;324;3223;32362;170074;
2021-10-28 20:00;32364;32487;32278;32431;373839;
2021-10-28 22:00;32487;32527;32439;32475;3406;
2021-10-29 12:00;3242;3242;3242;3242;760;
2021-10-29 14:00;324495;32787;32394;32539;208631;
2021-10-29 16:00;32536;32952;32506;32748;301699;
2021-10-29 18:00;32744;33034;32729;3301;248768;
2021-10-29 20:00;33011;332;32975;33149;504104;
2021-10-29 22:00;3316;33181;331;33181;8796;
2021-11-01 11:00;33285;33285;3322;33221;541;
2021-11-01 13:00;3325;3325;32723;32757;211180;
2021-11-01 15:00;3275;32824;32639;32823;336126;
2021-11-01 17:00;32825;32867;32734;32819;190473;
2021-11-01 19:00;32815;33017;32783;32937;387286;
2021-11-01 21:00;32977;33016;3296;32985;1500;
2021-11-01 23:00;32942;32942;32942;32942;100;
2021-11-02 11:00;33075;33075;33075;33075;100;
2021-11-02 13:00;33021;333;33021;33207;135270;
2021-11-02 15:00;33211;33327;33106;33283;267741;
2021-11-02 17:00;33281;33308;33208;33267;152310;
2021-11-02 19:00;33266;33342;33206;33323;363152;
2021-11-02 21:00;33313;3334;333;333;7390;
2021-11-03 13:00;33432;33432;33144;33281;101847;
2021-11-03 15:00;33281;33293;33076;332;175381;
2021-11-03 17:00;33197;33252;33121;3321;81238;
2021-11-03 19:00;33187;33489;33187;334;390964;
2021-11-03 21:00;33358;33394;33358;33394;500;
2021-11-04 13:00;334;334;329635;33355;155253;
2021-11-04 15:00;33355;336115;33325;33546;261266;
2021-11-04 17:00;3354;3364;33482;33613;154169;
2021-11-04 19:00;33625;3365;33534;3365;326299;
2021-11-04 21:00;33634;3366;33634;3366;990;
2021-11-05 11:00;336;336;336;336;100;
2021-11-05 13:00;33612;33879;33596;33744;142284;
2021-11-05 15:00;33735;33777;33617;33713;202762;
2021-11-05 17:00;33712;33718;33445;33497;178664;
2021-11-05 19:00;33492;337;33485;33596;316912;
2021-11-05 21:00;33685;33685;33606;33606;4874;
2021-11-08 12:00;33676;33676;33676;33676;147;
2021-11-08 14:00;3372;3376;33533;33586;72696;
2021-11-08 16:00;33586;33596;33469;33492;225242;
2021-11-08 18:00;334915;33651;33447;33637;161163;
2021-11-08 20:00;33636;33744;33624;337;242488;
2021-11-08 22:00;33702;33702;337;337;200;
2021-11-09 12:00;33662;33674;33616;33616;376;
2021-11-09 14:00;33612;33844;33612;33686;136257;
2021-11-09 16:00;33689;3378;3361;33665;271135;
2021-11-09 18:00;33653;33679;33457;33472;180067;
2021-11-09 20:00;33476;33665;33466;33577;228961;
2021-11-09 22:00;33582;33582;3353;3353;500;
2021-11-10 12:00;33519;33522;33498;33522;500;
2021-11-10 14:00;33432;335;33113;33283;127372;
2021-11-10 16:00;33293;33395;33166;33247;190707;
2021-11-10 18:00;33249;33285;32995;33045;164180;
2021-11-10 20:00;33038;33163;32999;33078;364000;
2021-11-10 22:00;3306;33126;3306;33126;720;
2021-11-11 12:00;3325;3325;33237;33237;1254;
2021-11-11 14:00;33242;3332;33092;33305;85058;
2021-11-11 16:00;33305;33376;33223;33336;173162;
2021-11-11 18:00;33337;33354;33262;33321;132202;
2021-11-11 20:00;3332;33341;332;33243;247829;
2021-11-11 22:00;33325;3335;33325;3335;400;
2021-11-12 14:00;3339;33561;33381;33437;120215;
2021-11-12 16:00;33442;33696;33421;33671;331631;
2021-11-12 18:00;33669;33697;33625;33674;182060;
2021-11-12 20:00;33674;33722;33615;33677;269872;
2021-11-12 22:00;33672;33672;33672;33672;200;
2021-11-15 14:00;33885;3395;33557;33634;157239;
2021-11-15 16:00;33625;33626;33423;33498;194995;
2021-11-15 18:00;33499;33568;33406;335;100167;
2021-11-15 20:00;33495;33628;3345;33612;169615;
2021-11-15 22:00;33626;33626;33626;33626;100;
2021-11-16 12:00;337;337;337;337;400;
2021-11-16 14:00;337;33756;33551;33712;112171;
2021-11-16 16:00;33705;33998;33673;33909;255267;
2021-11-16 18:00;33915;34054;33906;34035;183634;
2021-11-16 20:00;34038;34067;3392;33944;338131;
2021-11-16 22:00;33948;3396;33948;3396;600;
2021-11-17 12:00;33923;33934;33916;33934;300;
2021-11-17 14:00;3391;34026;33802;33815;73013;
2021-11-17 16:00;33819;34212;33819;34207;207609;
2021-11-17 18:00;34205;34218;33974;34021;171190;
2021-11-17 20:00;34021;34027;339;33915;354975;
2021-11-17 22:00;33932;33932;3392;3392;300;
2021-11-18 12:00;34012;34027;33908;3392;856;
2021-11-18 14:00;33912;34033;33714;34003;172837;
2021-11-18 16:00;34001;34206;33868;34147;312764;
2021-11-18 18:00;34151;34244;34032;34109;206889;
2021-11-18 20:00;34106;34169;34059;34127;435514;
2021-11-18 22:00;34127;34173;34122;3415;2071;
2021-11-19 12:00;3431;34387;34301;34387;563;
2021-11-19 14:00;344;34443;34165;34431;219011;
2021-11-19 16:00;34435;34509;34264;34343;353125;
2021-11-19 18:00;34344;34422;34264;34325;177329;
2021-11-19 20:00;34325;34341;34285;34319;88275;
