time,open,high,low,close,Volume,Volume MA
2021-09-21 00:00,43826.7865088,44243.476976,42854.875,43301.6966675,38696.38891,69721.01407679994
2021-09-21 02:00,43300.3130113,43329.74049,40582.843191,43144.1164084,95304.656113,74464.30627444995
2021-09-21 04:00,43142.619908,43494.58299,42905.19035,43061.2819636,50337.930227,76954.56517379994
2021-09-21 06:00,43061.930576,43270.1894845,42522.669196,42923.7595705,68400.17293,80350.69704229994
2021-09-21 08:00,42917.8790502,43666.256725,42891.89454,43632.9416166,165324.54683,88593.71046329995
2021-09-21 10:00,43626.1757723,43837.4713411,43383.88355,43524.2092272,151496.27238,96145.45990079995
2021-09-21 12:00,43524.0801224,43988.9447648,43435.910088,43690.1034206,123158.4684,102280.51239779995
2021-09-21 14:00,43691.2664415,43949.1255373,43196.306664,43485.4749672,245702.28828,114543.63373379994
2021-09-21 16:00,43485.385798,43609.0710852,42492.25,43413.2421849,218979.59579,123488.76436929994
2021-09-21 18:00,43400.16253,43586.5666932,41780.232543,41999.0440392,115802.80615,126612.36436129994
2021-09-21 20:00,41999.811568,43150.2218582,41933.910792,42348.3704336,106440.20216,128009.73856579994
2021-09-21 22:00,42339.1747283,42634.364571,39863.98,41710.9096536,37130.774437,127251.57594664996
2021-09-22 00:00,41693.908788,41962.126023,40537.957575,41039.428839,34384.57529,120632.63705714997
2021-09-22 02:00,41043.2686118,42690.2626098,40864.279502,42525.4728667,128913.79677,119585.52751214996
2021-09-22 04:00,42532.751796,42722.8108672,42221.345786,42396.2225744,67817.73945,116003.60451814994
2021-09-22 06:00,42383.9416105,42571.05965,42151.661443,42372.7932375,55595.75296,107721.17198334995
2021-09-22 08:00,42369.1904922,43129.2126265,42196.127458,42932.17425,133079.52149,104357.02794184996
2021-09-22 10:00,42920.577128,43001.291524,42512.063468,42711.5963505,116213.66708,104534.35471084996
2021-09-22 12:00,42709.780908,42819.39141,42138.546237,42210.9475332,88672.12507,103608.01974534996
2021-09-22 14:00,42223.4195312,42942.78,42148.919384,42576.9158403,144015.82819,109273.35544534994
2021-09-22 16:00,42578.030943,43531.5852434,42451.853328,43460.679086,160094.11301,115343.24165034993
2021-09-22 18:00,43462.7107536,43709.7390475,43166.84574,43412.1038304,91910.13007,115173.51534819992
2021-09-22 20:00,43415.076922,44364.8832528,42992.794,43641.5976953,547566.51609,140034.94464134992
2021-09-22 22:00,43628.3402048,43924.197645,43314.5731762,43559.359943,41537.96286,138691.83413784992
2021-09-23 00:00,43558.9286418,43975.8686,43505.8405056,43842.249503,39763.44208,132413.77890034992
2021-09-23 02:00,43833.72968,44137.7477684,43374.623832,43951.0582108,73975.69913,128537.75023784993
2021-09-23 04:00,43957.2882528,44542.9959885,43791.66336,44438.1131208,73633.28813,126061.49122434994
2021-09-23 06:00,44452.065882,44645.6129616,44095.199869,44246.343888,57913.01729,116672.02767484993
2021-09-23 08:00,44252.0441646,44746.4216244,44083.85243,44564.5869796,185864.58361,115016.27706584994
2021-09-23 10:00,44568.1482788,44627.73219,44145.052,44347.7742847,177187.51517,118085.51251684994
2021-09-23 12:00,44335.702227,44511.291504,43688.506108,43967.5192072,219432.6136,123735.13308884992
2021-09-23 14:00,43953.848848,44517.44604,43700.851095,44376.0565132,235752.23204,133666.20596899994
2021-09-23 16:00,44383.8701478,44599.0260026,44009.547535,44073.7724322,237944.87161,143844.22078499992
2021-09-23 18:00,44071.7307912,45245.49625,43950.052512,45153.7199665,104597.55276,142628.4085844999
2021-09-23 20:00,45153.7232803,45236.02644,44771.314828,45079.0797716,85107.65275,143492.9042494999
2021-09-23 22:00,45080.089575,45122.397761,44792.6663784,44982.152316,46336.48355,143029.94077899988
2021-09-24 00:00,44976.7755246,45293.64951,44692.785737,45169.523763,33061.73574,138029.05149149988
2021-09-24 02:00,45167.79813,45308.885527,44698.463106,44773.895985,80296.66219,136233.20124699987
2021-09-24 04:00,44769.6644724,44878.4910378,44490.81,44600.5896193,57592.92873,134679.24142999988
2021-09-24 06:00,44582.2127232,44704.5921088,44206.365907,44507.8352248,54658.34767,130211.36740399987
2021-09-24 08:00,44508.0091122,45443.398145,44397.342027,45140.5130225,133728.25167,128893.07433699988
2021-09-24 10:00,45131.9529192,45369.8178644,42643.142646,42664.4366176,111076.01631,129851.36864899988
2021-09-24 12:00,42666.983056,42989.9205121,40923.14308,41750.4213584,125756.66327,108760.87600799988
2021-09-24 14:00,41749.7085046,42231.3548668,41061.487158,42069.7536704,167650.95201,115066.52546549989
2021-09-24 16:00,42068.8167424,42926.8728699,41913.173421,42249.001464,162410.9821,121198.9024664999
2021-09-24 18:00,42247.5274485,42675.1411905,42068.77587,42313.228295,107352.4492,122867.73996999991
2021-09-24 20:00,42299.589125,42851.974816,42247.731976,42688.5242058,64544.3995,122413.29553849988
2021-09-24 22:00,42688.159848,43533.061,42624.5641496,43241.93937,24428.93803,120739.09157549989
2021-09-25 00:00,43263.0908,43423.80716,42815.396268,43113.463218,494.19481,111470.57213549987
2021-09-25 02:00,43141.33172,43280.27232,42330.717804,42695.552466,573.97044,102639.89489899986
2021-09-25 04:00,42702.86308,43079.9072,42583.72849,42906.992058,479.95834,91692.26213599986
2021-09-25 06:00,42916.16708,43162.36912,42690.068182,42745.518018,514.0847,79930.35476899987
2021-09-25 08:00,42739.18336,43110.17996,42495.28779,42668.800272,514.10518,68058.81644749986
2021-09-25 10:00,42666.96472,43207.51456,41936.12,42940.236024,819.92357,62869.93498799986
2021-09-25 12:00,42950.7528,43268.86876,42528.004992,42774.238836,532.33522,58641.16911149987
2021-09-25 14:00,42790.0716,43065.3158,42530.336078,42807.529674,524.76087,56350.58297749987
2021-09-25 16:00,42817.13308,43068.949,42446.686404,42970.913748,581.81872,54726.58712649988
2021-09-25 18:00,42970.9112,43049.2594,42638.971714,42892.871868,501.13971,50736.811002499875
2021-09-25 20:00,42900.19272,43125.42768,42729.345224,42960.906576,494.33987,47881.881559499874
2021-09-25 22:00,42968.22732,43099.44444,42670.681512,42974.780688,472.90145,45172.60924849987
2021-09-26 00:00,42989.15924,43111.32852,42859.82747,42964.492284,426.90806,38507.54206799988
2021-09-26 02:00,42970.52444,43039.02784,42410.033298,42677.448156,542.13881,32980.84819299988
2021-09-26 04:00,42689.61948,42724.1466,42199.685,42514.708572,528.1078,26719.42041949988
2021-09-26 06:00,42518.06212,42603.57124,42170.4,42371.256816,486.78492,18361.212064999876
2021-09-26 08:00,42378.27768,42485.7618,41089.1978,41594.927598,701.2052,10275.723219999878
2021-09-26 10:00,41591.01012,44064.59816,41353.58278,43582.99176,944.45559,4955.323539499877
2021-09-26 12:00,43596.642,43833.65556,43158.054196,43393.792932,649.29958,1760.5685434998773
2021-09-26 14:00,43405.80524,43986.57812,43383.583838,43525.655586,540.80885,566.1620844998772
2021-09-26 16:00,43530.72872,43707.48976,43397.019796,43608.548718,660.84546,574.4946169998773
2021-09-26 18:00,43612.32336,43824.40848,43328.434326,43405.745292,565.12687,574.0524384998773
2021-09-26 20:00,43415.60316,43657,43353.68971,43479.135126,447.44864,572.4269534998773
2021-09-26 22:00,43491.79488,43927.33352,43469.529456,43781.822784,472.4456,570.3449984998773
2021-09-27 00:00,43786.4468565,44140.9210396,42902.709426,43409.02707,35616.87379,2325.483428999877
2021-09-27 02:00,43403.16582,44547.61325,43166.686374,44518.1591314,78772.78405,6223.126452999878
2021-09-27 04:00,44515.255534,44592.295286,44070.971721,44247.2910845,52554.84501,8824.251942499879
2021-09-27 06:00,44251.733922,44459.096256,44103.03976,44282.7453159,44670.22757,11031.525277499877
2021-09-27 08:00,44296.3992324,44415.389,43802.943876,43810.8113223,152212.85376,18613.077029499877
2021-09-27 10:00,43811.1859626,44274.286252,43541.2256396,43712.350752,162432.10531,26709.625309499876
2021-09-27 12:00,43712.871572,44122.9165905,43657.323897,43879.993974,127131.04834,33041.460732999876
2021-09-27 14:00,43886.6948814,43985.7974498,43401.93166,43671.1293018,242387.39627,45137.185473999874
2021-09-27 16:00,43671.1293018,44230.7219229,43179.784032,43445.2068089,182571.40277,54244.41020949987
2021-09-27 18:00,43445.7419138,43576.7015354,42964.01002,43214.7345615,80668.28334,58250.717435999875
2021-09-27 20:00,43214.517504,43368.24674,43072.149805,43144.4368,56360.51305,61042.33769849987
2021-09-27 22:00,43142.9616,43268.594943,42682.780124,43194.7850373,27293.81641,62382.689272999865
2021-09-28 00:00,43194.2816534,43510.1469816,42244.248233,42311.5572814,16035.81825,63149.41992549987
2021-09-28 02:00,42314.4461193,42698.4640314,42110.514984,42620.207832,55147.52383,65859.57333749988
2021-09-28 04:00,42620.0980029,42791.4327708,42419.682855,42737.5798644,54688.89323,68561.55301999988
2021-09-28 06:00,42731.2923045,42947.758608,42565.4541,42603.270622,48979.97606,70983.51138049988
2021-09-28 08:00,42607.5520168,42691.9449853,41819.042016,41956.2397987,173633.30232,79632.13422349989
2021-09-28 10:00,41954.4316332,42315.4085004,41674.379394,42084.9479088,147792.03384,86993.47957199988
2021-09-28 12:00,42082.880424,42381.964511,41810.428275,42316.1720481,172034.36434,95572.82535699988
2021-09-28 14:00,42319.5748174,42794.9774208,41928.181744,42198.8164906,247933.38799,107945.87247649988
2021-09-28 16:00,42199.8677716,42200.5903164,41502.73615,41739.8768789,327723.62686,122551.21012999988
2021-09-28 18:00,41734.8353175,41933.565714,41391.42711,41668.92015,144638.07423,125844.47463899988
2021-09-28 20:00,41665.3177201,42069.7469985,41534.205804,41912.3432574,111909.33439,128812.19910799988
2021-09-28 22:00,41917.3095099,42314.01494,41879.26908,42169.0268692,35924.46409,128374.91093399988
2021-09-29 00:00,42161.3708992,42185.6942482,41183.6401691,41331.301892,26864.51288,122107.49388999988
2021-09-29 02:00,41324.9668744,42068.988753,41033.095092,41766.758815,99067.8674,118939.28199449988
2021-09-29 04:00,41772.1222375,42454.422171,41755.239639,42403.379688,76668.31455,116416.14530499985
2021-09-29 06:00,42418.16096,42671.9486094,42209.010832,42483.064932,74245.89347,108009.07016499985
2021-09-29 08:00,42494.9800956,42633.6422863,42317.52768,42574.9496487,221268.03318,109943.90168549985
2021-09-29 10:00,42548.5704309,42612.4676637,42243.744015,42400.646208,177873.98144,114804.18659049986
2021-09-29 12:00,42389.8668281,42636.4206,42268.886088,42482.154624,165839.63157,120278.14251649985
2021-09-29 14:00,42484.6843407,42698.9735021,41940.478784,42219.1747326,219264.03064,129876.65322799985
2021-09-29 16:00,42222.0775662,42353.7871328,41676.960104,41760.43857,225017.05169,140325.71489999985
2021-09-29 18:00,41765.1145881,41891.535404,41277.827126,41293.1757644,124271.8488,143781.93114849986
2021-09-29 20:00,41291.7446286,41580.912126,41123.740335,41299.316367,95360.71032,145815.52200299985
2021-09-29 22:00,41301.7697862,41398.7073368,41015.303641,41355.835248,34632.73312,145098.15985599987
2021-09-30 00:00,41357.2097052,41707.774556,41205.92216,41671.0119868,23716.50376,137602.3199279999
2021-09-30 02:00,41670.5479428,43314.146364,41546.229306,43106.4099387,76151.82914,134020.30969299987
2021-09-30 04:00,43108.209648,43854.7198167,43055.810936,43723.8921114,55228.17324,128180.00013799989
2021-09-30 06:00,43732.3855806,43959.5899995,43501.93548,43568.9498604,70928.05117,119329.73329699987
2021-09-30 08:00,43568.4064992,43716.6901197,43232.85574,43353.6344985,173335.42592,111610.32324999987
2021-09-30 10:00,43353.8249932,43528.9482144,42854.778459,43201.805,143533.70061,111555.10456899989
2021-09-30 12:00,43185.3621597,43329.0183501,42719.434882,43080.8410664,179893.00901,114954.2882999999
2021-09-30 14:00,43085.145399,43839.3809051,43015.882104,43134.3526108,266482.96818,126482.2135044999
2021-09-30 16:00,43127.5057576,43553.5724286,42876.191733,43183.7880768,339058.03741,142091.8897309999
2021-09-30 18:00,43187.92128,43415.7348412,42852.08783,43352.28979,165659.14106,145421.4534139999
2021-09-30 20:00,43348.0140005,44189.145,43274.16478,43587.900813,131360.54243,148156.0648079999
2021-09-30 22:00,43587.6742656,43848.2414484,43172.2035,43814.3196,44433.20032,146665.4301504999
2021-10-01 00:00,43818.3416,43967.967894,43643.748456,43858.518954,28855.94524,137044.8257534999
2021-10-01 02:00,43862.3960765,44073.3681766,43435.551964,43776.89347,121638.17068,134233.03521549987
2021-10-01 04:00,43789.0362744,43836.403116,43328.351441,43680.6840117,80776.17981,129979.86262749988
2021-10-01 06:00,43685.0827777,43940.329845,43499.28985,43900.0246136,88293.50838,123431.33651449988
2021-10-01 08:00,43903.746525,44873.6677876,43786.803466,44833.1741976,212379.94084,122799.48097199986
2021-10-01 10:00,44840.9149503,45094.4843403,44800.099925,45021.3568736,159215.28917,124546.65299049989
2021-10-01 12:00,45021.0259452,47833.7939503,44925.91173,47571.383608,162338.37784,127895.53636649989
2021-10-01 14:00,47575.389078,47945.2488,46933.38167,46968.224614,237856.8056,138056.7399904999
2021-10-01 16:00,46965.009468,47425.5190992,46702.24111,47304.7367885,290886.26733,151415.2281689999
2021-10-01 18:00,47315.352,47776.740128,47197.09965,47591.9510986,116438.42272,153429.5578479999
2021-10-01 20:00,47593.561953,48128.38,47427.64,48028.6783787,84046.84729,154870.4915504999
2021-10-01 22:00,48044.715,48409.8655248,47737.090856,48358.701534,28249.402021,152736.5590930499
2021-10-02 00:00,48366.817334,48445.204368,47713.692532,48111.053694,227.47652,144081.16162304993
2021-10-02 02:00,48125.720104,48199.179688,47620.024606,47743.060134,231.75083,136916.0641340499
2021-10-02 04:00,47738.039932,47865.30727,47456.410078,47536.350708,191.74971,127931.00116904991
2021-10-02 06:00,47525.811762,47805.934396,47434.451042,47744.625324,216.1625,114617.66088504992
2021-10-02 08:00,47745.993416,47904.367456,47674.528,47722.851792,217.61508,97675.63976854991
2021-10-02 10:00,47721.402542,47874.941884,47512.61779,47693.88998,239.98937,89404.68218404992
2021-10-02 12:00,47693.298686,47751.152746,47477.464782,47662.365894,221.47388,82847.72875654991
2021-10-02 14:00,47668.649842,48272.7784,47598.193104,47782.23626,283.87471,80640.26247604992
2021-10-02 16:00,47769.645176,48057.118406,47752.775906,47771.998758,251.31279,79210.03085354992
2021-10-02 18:00,47771.963976,47959.844746,47559.469144,47704.96225,257.08205,73140.97642204992
2021-10-02 20:00,47709.31,48115.1,47516.21193,48102.033562,246.00301,69114.46758204993
2021-10-02 22:00,48099.239408,48115.088406,47797.401212,48061.222682,210.94328,64710.33932704992
2021-10-03 00:00,48061.929916,48191.991408,47419.46,47468.630154,229.61069,54102.82281954992
2021-10-03 02:00,47493.047118,47639.815564,46938.726384,47386.324348,309.26738,46157.52173004991
2021-10-03 04:00,47389.19966,47829.064426,47372.597052,47768.462588,200.31731,38050.61870354992
2021-10-03 06:00,47774.908852,47998.673052,47674.771474,47904.309486,181.82025,26166.869436049914
2021-10-03 08:00,47905.932646,47971.809754,47728.637198,47799.128718,203.69927,11632.741033049915
2021-10-03 10:00,47799.325816,47881.492494,47578.958658,47720.950376,240.03388,5822.821591049916
2021-10-03 12:00,47724.486546,47892.425636,47634.841738,47828.55429,231.44935,1632.0516940499156
2021-10-03 14:00,47833.30783,48093.836604,47736.61387,48005.36279,237.0755,231.43536799991548
2021-10-03 16:00,48005.107722,48047.866394,47752.775906,47821.180506,191.47416,229.63524999991546
2021-10-03 18:00,47821.168912,49095.732114,47781.42468,48811.934182,294.01251,232.74833399991547
2021-10-03 20:00,48811.66752,49067.767386,48383.686604,48680.469816,279.44641,237.1331689999155
2021-10-03 22:00,48684.272648,48726.382056,47483.354534,47620.372426,288.83991,240.76703949991548
2021-10-04 00:00,47614.784118,48213.1354639,47556.0363637,48072.0011886,52202.69735,2840.0211529999156
2021-10-04 02:00,48075.2568092,48164.3562172,47624.624075,47680.079755,89196.81768,7287.862568499915
2021-10-04 04:00,47699.77526,47762.721228,47207.040552,47317.715845,77393.1815,11146.447949499914
2021-10-04 06:00,47316.1397274,47750.0322672,47098.417844,47663.9329446,62158.41504,14240.174965999915
2021-10-04 08:00,47663.3213329,47812.6875564,47468.86326,47805.7775272,178369.77965,23146.098308999917
2021-10-04 10:00,47804.2777011,47947.2765612,47446.200861,47713.7865138,152116.29005,30739.058708999917
2021-10-04 12:00,47713.7865138,47737.949595,47369.369684,47561.0219682,126672.62108,37060.389612499916
2021-10-04 14:00,47564.824272,48000.0560994,47433.5575,47940.7117096,170121.45448,45555.91517249991
2021-10-04 16:00,47942.4521201,48335.0719368,46930.443957,47772.270597,221006.40975,56594.75512549991
2021-10-04 18:00,47767.0297515,49339.9618302,47697.071628,49168.9232258,105504.87136,61854.535324499906
2021-10-04 20:00,49174.138611,49422.9483904,48750.063648,49156.818379,93290.69336,66509.0541269999
2021-10-04 22:00,49156.407,49253.330784,48566.937408,48915.172456,28440.10034,67921.96813149989
2021-10-05 00:00,48919.3668448,49366.0599768,48624.471456,49137.9110391,34295.61046,69626.5636909999
2021-10-05 02:00,49139.76634,49678.4902058,48975.72768,49108.462047,100165.251,74622.8245469999
2021-10-05 04:00,49108.462047,49348.667316,48934.132507,49154.8489475,65378.76691,77880.19042499989
2021-10-05 06:00,49156.1774418,49283.5160664,48930.45917,49244.0035353,71518.83531,81444.2784154999
2021-10-05 08:00,49245.2777352,49606.2256944,49159.988977,49413.8484396,169126.30942,89891.0201784999
2021-10-05 10:00,49419.1831516,50275.37993,49330.967994,50228.7852128,136465.72638,96699.6058719999
2021-10-05 12:00,50231.394319,50300.825088,49751.24597,49821.9442784,131497.94431,103260.53076699989
2021-10-05 14:00,49814.7309825,50259.3292521,49658.498136,50197.445136,196639.28693,113078.05311799988
2021-10-05 16:00,50193.5375199,50336.820642,49546.382784,49800.1499856,218327.20025,121384.27826299988
2021-10-05 18:00,49800.1737387,50212.674246,49666.650456,50147.2049619,93520.60659,121600.4677084999
2021-10-05 20:00,50158.2113742,51309.645,50141.703129,51135.079566,69068.74268,121184.2457674999
2021-10-05 22:00,51144.0312306,51800.329256,51024.212935,51565.49866,28483.49835,119500.49993299991
2021-10-06 00:00,51571.9701435,51627.9671479,51059.631107,51186.24756,26624.84926,111913.25341349992
2021-10-06 02:00,51195.4818687,51220.8032472,50614.85126,50986.8312966,100026.67891,109308.77285649991
2021-10-06 04:00,50989.4707764,51333.7594912,50872.331041,51259.6270732,72894.82108,106619.88285649991
2021-10-06 06:00,51256.293202,51509.5374118,50888.792325,51273.8666188,75055.32075,101866.57616999991
2021-10-06 08:00,51260.1550014,51522.179935,50952.646567,51147.699588,183753.32858,100003.92211149991
2021-10-06 10:00,51149.5173712,51199.725,50069.4744,50407.114296,183294.11632,103893.38435949992
2021-10-06 12:00,50410.171602,51302.3839944,50279.09007,51125.4404432,171115.06862,107784.60312249992
2021-10-06 14:00,51125.6301676,55095.375927,51084.661152,53353.0005547,231718.694356,117948.53282329992
2021-10-06 16:00,53358.042732,54814.005792,53024.43405,54685.497984,212443.2231,126855.91345529992
2021-10-06 18:00,54675.5476864,54740.366379,53883.53201,54175.1048976,113152.49584,127505.2756972999
2021-10-06 20:00,54174.6358978,54696.837432,54022.81428,54573.71832,101030.60868,129287.86778579993
2021-10-06 22:00,54572.3019,54904.5575309,54243.2245534,54485.5504852,33292.65902,127376.55897129994
2021-10-07 00:00,54490.1966125,55216.693094,54319.663642,54829.9014984,34174.605949,120628.97379774993
2021-10-07 02:00,54829.761188,54852.6393304,53562.33353,54286.173377,91402.92352,118375.83365474995
2021-10-07 04:00,54287.144123,54753.59916,54197.999697,54383.7323251,53884.5826,114495.16556924993
2021-10-07 06:00,54378.449675,54788.2457892,54123.3656,54261.952836,59724.75182,107649.43881374993
2021-10-07 08:00,54258.1877968,54498.2807516,53884.950469,54390.5933361,163026.12874,104884.38523824993
2021-10-07 10:00,54398.0063412,54423.2829616,53391.117664,53892.0146254,132342.84675,106825.49724624993
2021-10-07 12:00,53892.9354285,54008.45474,53389.62329,53893.9652811,120049.76119,109374.54817174995
2021-10-07 14:00,53886.9768254,54276.3219774,53210.775,54128.5936528,197035.76763,117802.16163574994
2021-10-07 16:00,54131.354784,54259.7454109,52918.786406,53457.7865936,178714.89566,125406.66395574994
2021-10-07 18:00,53458.04088,53819.800104,52915.0092,53435.9501379,89451.15245,124877.88763274995
2021-10-07 20:00,53432.517705,53543.691654,53226.9969,53356.6149879,79830.95452,125224.69430474995
2021-10-07 22:00,53356.6149879,53982.25613,53321.409696,53768.8394672,33432.1711,123143.53682224995
2021-10-08 00:00,53767.4318517,54130.2578635,53118.23312,53302.9505192,31343.11248,115523.02601724995
2021-10-08 02:00,53303.4116493,53874.8932764,53220.533976,53787.0848304,96548.45923,111185.74316274996
2021-10-08 04:00,53784.8397518,53911.4297684,53174.818171,53289.672175,60777.23035,105668.85124924996
2021-10-08 06:00,53286.6943136,53628.5603142,53078.841745,53596.3314549,66579.7851,97411.90578644995
2021-10-08 08:00,53613.0545,54439.443024,53448.743088,54272.072155,135853.17671,93582.40346694995
2021-10-08 10:00,54273.4936722,55484.7529336,54191.945808,54675.404548,119224.356229,93885.99648639995
2021-10-08 12:00,54685.1756904,55129.0069717,54633.63825,54779.2994385,100726.89961,93870.81103289995
2021-10-08 14:00,54779.011533,54846.109248,53622.891072,53760.7469,351216.64134,109767.01014889995
2021-10-08 16:00,53764.192972,54403.3335486,53629.898119,53916.140586,202090.93737,118162.82671994995
2021-10-08 18:00,53912.6806178,54074.3545639,53593.20459,53906.3710174,89801.41868,118082.75147794995
2021-10-08 20:00,53909.679456,54337.0732804,53845.900277,54310.7946447,69503.79358,118863.71202694994
2021-10-08 22:00,54308.4110805,54392.5647816,53458.057488,53806.942621,22608.13256,117007.88106394994
2021-10-09 00:00,53802.639697,53897.974911,53414.162002,53589.587124,250.67369,108869.10831144995
2021-10-09 02:00,53588.280053,53951.761461,53306.369129,53666.507674,201.18614,102262.02528094994
2021-10-09 04:00,53649.215009,54329.713186,53496.021661,54219.364006,191.12872,96269.09365744994
2021-10-09 06:00,54210.087272,54376.027454,54036.350932,54227.36837,166.23357,86425.61695444994
2021-10-09 08:00,54230.503027,54746.611,54227.160164,54544.176933,272.95562,77503.51995244993
2021-10-09 10:00,54544.1885,54680.574997,54133.571567,54529.822286,257.32523,73043.82859144994
2021-10-09 12:00,54529.648781,54943.25,54203.864226,54418.131334,349.86613,69069.77417194995
2021-10-09 14:00,54423.139845,55116.755,54423.139845,54902.406923,277.43409,67412.03732144996
2021-10-09 16:00,54902.568861,54969.530224,54590.91918,54681.870501,213.20564,65855.54197944996
2021-10-09 18:00,54686.370064,54828.123649,54402.712523,54617.87029,230.73541,61039.65578844996
2021-10-09 20:00,54617.858723,54817.840586,54334.513491,54384.147488,188.93944,58010.24124294997
2021-10-09 22:00,54373.424879,54576.911543,54069.872098,54576.448863,202.89807,54691.39689144997
2021-10-10 00:00,54570.526559,54881.563189,54506.352843,54692.650945,160.64874,47906.770492949974
2021-10-10 02:00,54692.650945,54925.378985,54173.651222,54173.662789,244.00538,41957.75295049997
2021-10-10 04:00,54173.651222,54942.868289,53893.463781,54829.615792,198.75106,36931.345522999974
2021-10-10 06:00,54858.278818,55835.447411,54648.997087,55426.704332,306.433553,19385.835133649973
2021-10-10 08:00,55433.598264,55606.316708,55226.6415,55434.8475,288.25456,9295.700993149974
2021-10-10 10:00,55444.529079,55687.0081,54621.941874,54790.345827,361.23528,4823.691823149973
2021-10-10 12:00,54790.357394,55116.755,54515.294134,54976.817434,239.3102,1360.4676541499732
2021-10-10 14:00,54971.554449,55168.609861,54521.228005,55101.359323,246.11787,242.36691964997325
2021-10-10 16:00,55099.566438,55454.141256,54908.757206,55284.187325,220.11744,240.83910714997327
2021-10-10 18:00,55283.597408,55403.871074,54963.191508,55281.064235,214.61091,241.51034564997332
2021-10-10 20:00,55275.847518,55474.418207,54980.588276,55414.038467,227.15095,243.31145714997334
2021-10-10 22:00,55409.527337,56454.108406,54423.614092,54856.4975,508.116076,260.40558244997334
2021-10-11 00:00,54873.09625,55032.3263488,54426.243536,54728.3411748,42836.43293,2388.5794479499737
2021-10-11 02:00,54714.8780794,55730.774994,54497.326496,55428.76404,78698.24682,6310.625527449974
2021-10-11 04:00,55430.6852742,56806.2937965,55379.50668,56591.1679231,62237.464557,9405.005448799973
2021-10-11 06:00,56589.125615,56804.5019136,56241.574473,56603.5606244,56964.90361,12239.378924799974
2021-10-11 08:00,56602.582441,57151.6160539,56587.90969,56867.326389,162524.25136,20354.931210799976
2021-10-11 10:00,56870.2746648,56958.6177984,56341.908489,56495.635314,148524.85586,27769.63723329997
2021-10-11 12:00,56500.6987968,56722.007314,55914.796308,56475.9246635,111058.4489,33313.11270629997
2021-10-11 14:00,56479.6634203,57522.509688,56222.621175,57337.8926358,150804.465897,40843.191097649964
2021-10-11 16:00,57348.0477245,57773.293578,57139.082313,57565.1684359,121533.869541,46911.85213769997
2021-10-11 18:00,57566.1517594,57822.5168411,57203.74676,57442.8785064,74325.524333,50615.928085349966
2021-10-11 20:00,57442.9702778,57870.8376264,57327.501708,57526.009435,59714.149657,53591.69801519996
2021-10-11 22:00,57522.8101127,57537.6158112,56839.256,57207.736144,31016.41992,55127.197333549964
2021-10-12 00:00,57202.1491797,57596.366488,57099.226628,57560.8974732,33648.62773,56795.21599204997
2021-10-12 02:00,57559.8894793,57564.8716823,56644.652908,57160.485113,106816.02384,62117.95542004997
2021-10-12 04:00,57132.489125,57255.0600449,56549.90341,56881.9116584,72132.57202,65712.61851104998
2021-10-12 06:00,56886.9399974,57838.958536,56725.878056,57592.6927511,64267.46888,68913.68606154998
2021-10-12 08:00,57606.7542792,57839.5836694,57266.422065,57492.9130594,157254.41488,76765.40093354999
2021-10-12 10:00,57494.785099,57768.2095644,56931.119352,57114.0273011,130295.8547,83269.46312304998
2021-10-12 12:00,57108.5951821,57542.096628,56832.962688,57403.9443064,129939.45948,89755.07854954999
2021-10-12 14:00,57397.9819615,57564.8982792,56841.239532,57089.4278928,247655.55741,102112.45061624997
2021-10-12 16:00,57084.569895,57263.463104,56173.686296,56435.81608,213872.37117,110664.24752824998
2021-10-12 18:00,56432.331,56504.5137,55575.331252,55978.2585775,112271.92725,112342.93154974999
2021-10-12 20:00,55980.209643,56070.970188,55299.2167,55437.165735,81346.30208,113298.37342589998
2021-10-12 22:00,55434.2815122,56179.5823995,53955.72,56177.14627,26638.03668,111782.03007939998
2021-10-13 00:00,56177.6334959,56652.6313314,56070.691992,56147.6606225,33276.46752,105319.64088739998
2021-10-13 02:00,56121.3830688,56765.530215,55949.59019,56473.851717,89054.21427,102346.10880789996
2021-10-13 04:00,56499.5860836,56693.603382,56424.452693,56495.1211426,63612.3256,99973.80264289997
2021-10-13 06:00,56494.7314035,56587.9365128,55185.787796,55231.6402414,52660.56921,95066.60780854998
2021-10-13 08:00,55234.999222,55737.8499342,54803.469321,54839.5471575,152363.50412,96608.08953749997
2021-10-13 10:00,54838.1252358,55563.4162672,54473.71545,55140.340592,158477.96666,100815.71165384997
2021-10-13 12:00,55134.4915256,55452.359295,54683.53,55449.0029049,146598.09912,105159.90912699998
2021-10-13 14:00,55446.234592,55570.940768,54967.447368,55107.432948,326318.01283,119924.98877249999
2021-10-13 16:00,55096.5738825,56698.6794624,54718.309638,56370.9039012,220533.41918,129269.228345
2021-10-13 18:00,56380.5664794,57459.4774104,56282.795685,57053.3367678,118558.85177,129856.3697415
2021-10-13 20:00,57060.556324,57466.0580858,56993.534848,57444.3896865,126680.44333,132583.76330700002
2021-10-13 22:00,57444.192597,57771.9054,56804.791406,57594.7380337,40037.60967,131372.27034650004
2021-10-14 00:00,57594.9983466,57811.285036,57164.561315,57364.62,32181.64564,125118.6318845
2021-10-14 02:00,57364.4177664,58395.175168,57110.31,58220.08,90147.726042,123111.22545160001
2021-10-14 04:00,58227.9201268,58454.99,57957.95,57997.8668421,70045.009274,120116.5029413
2021-10-14 06:00,58018.7104064,58110.1535884,57612.37,57881.07,61347.43297,110801.0967193
2021-10-14 08:00,57874.8317688,58021.2001707,57341.6976,57382.7140768,170045.36793,108609.74655730001
2021-10-14 10:00,57384.5733732,57781.1350725,57291.53,57435.22,149950.70719,110493.68555430001
2021-10-14 12:00,57438.35,58200.39,57260.394534,57612.9536517,146093.1716,113731.02903030002
2021-10-14 14:00,57614.1903824,57873.12,57246.639912,57367.09,231832.5671,123990.75555130004
2021-10-14 16:00,57366.5479372,57725.9353324,56915.44698,57308.4549336,162803.0588,130467.08511530003
2021-10-14 18:00,57304.53,57418.3243527,56938.41,57147.99,93023.43734,130665.54626880004
2021-10-14 20:00,57141.5912508,57996.54,56741.790716,57683.287107,83470.54461,131658.45721930003
2021-10-14 22:00,57678.3585945,57700.4502775,57267.2504736,57604.1989491,24923.47789,130271.60265330007
2021-10-15 00:00,57610.29,57617.6246789,57150.886953,57271.3106225,39002.73954,124603.56442430006
2021-10-15 02:00,57278.55,57373.66,56817.486836,57215.183322,90338.34562,121196.58337230005
2021-10-15 04:00,57211.25,59323.3459553,57061.777266,59307.568266,78171.042642,117775.23054840005
2021-10-15 06:00,59315.82,59823.27,59031.99,59392.9,68468.253559,104882.74258485006
2021-10-15 08:00,59392.892955,59616.43,59066.975097,59081.8980178,169837.7089,102347.95707085005
2021-10-15 10:00,59092.31,59276.5608551,58581.08,59187.2879325,162982.94447,104569.16170585006
2021-10-15 12:00,59189.548484,59363.18,58740.75,59356.21,149113.33998,105690.80653835007
2021-10-15 14:00,59359.2645071,60233.3032024,59059.836,59845.7281545,248753.643227,116126.60821620007
2021-10-15 16:00,59857.681053,60164.1303151,59554.54,59920.49,224054.48917,125720.25039270008
2021-10-15 18:00,59932.8627996,61769.63373,59874.13703,61614.8643123,91124.751259,125769.10165355008
2021-10-15 20:00,61609.68,61679.590905,61084.915605,61309.2038028,81686.58009,126351.18019435008
2021-10-15 22:00,61311.957641,62770.07,60601.8696,61021.858,23073.864789,124437.50178530006
2021-10-16 00:00,61005.48,61661.68,60773.52,61552.79,387.70622,115954.61869980006
2021-10-16 02:00,61530.857802,61651.912,61049.66838,61225.69,396.44339,108476.90550980007
2021-10-16 04:00,61226.61,61601.0692,60988.67,61503.0608,318.13521,101188.15369030007
2021-10-16 06:00,61486.576638,62230.2,61397.86,62014.64,357.10448,89614.38055930006
2021-10-16 08:00,62009.75082,62195.372,61484.36142,61647.5504,389.81022,81493.71813030007
2021-10-16 10:00,61639.206318,61973.116,61278.647694,61320.76,492.55933,76867.17422980008
2021-10-16 12:00,61310.171058,61651.4596,61221.713112,61480,414.46786,72714.37039230007
2021-10-16 14:00,61469.411598,61480.0116,60321.360372,60878.2964,573.5721,71496.87510280007
2021-10-16 16:00,60868.727982,61117.5812,60518.364,60810.1232,386.72589,69566.07442030006
2021-10-16 18:00,60801.192828,60896.752,60001.61511,60436,410.42461,65069.67836980007
2021-10-16 20:00,60427.60965,61058.4444,60362.115744,60708.5,347.2775,61178.49011270008
2021-10-16 22:00,60691.835286,61150.7224,60412.195908,60551.9536,343.55583,57772.255226250076
2021-10-17 00:00,60530.48391,60932.712,60359.100264,60747.4,313.65031,49296.05229675008
2021-10-17 02:00,60735.55,61245.738,60365.026842,60947.9312,347.7874,41164.29444325008
2021-10-17 04:00,60940.93713,61220.2644,60708.095682,60990.3408,307.57884,33724.006386250076
2021-10-17 06:00,60981.87,61107.64,60493.77624,60525.5172,310.95096,21301.871772900075
2021-10-17 08:00,60517.412964,60714.02,60173.14953,60203.34,328.14978,10115.554803400077
2021-10-17 10:00,60188.66,61098.6964,60170.47,61097.2116,369.26151,5577.780315950076
2021-10-17 12:00,61086.677598,61321.37,60784.201758,60831.5252,374.65281,1512.183951950076
2021-10-17 14:00,60819.830814,61157.23,60533.26743,60869.2484,373.37747,377.1595860000762
2021-10-17 16:00,60868.600404,60981.2,60359.946918,60636.2508,372.89713,376.4191315000762
2021-10-17 18:00,60631.67646,60991.2688,60525.717132,60945.0312,326.39053,372.9164885000762
2021-10-17 20:00,60935.44,60950.2164,60292.991664,60430.2,340.25175,374.02231550007616
2021-10-17 22:00,60417.05547,60642.38,58958.433,60567.7412,695.86474,390.9603285000762
2021-10-18 00:00,60565.7668964,61679.2359114,60551.1459348,61464.85,58325.74139,3287.756887000076
2021-10-18 02:00,61469.7714067,62489.3902815,61330.25827,61998.0116032,113425.42953,8934.400397000076
2021-10-18 04:00,62010.1796637,62228.323516,61757.697594,61978.1867243,91448.65317,13486.109662500076
2021-10-18 06:00,61977.66,62378.610424,61855.73958,62221.4069064,75866.68254,17250.765184500076
2021-10-18 08:00,62227.94,62626.3665775,61727.821284,61866.4954579,196099.09269,27036.383524500077
2021-10-18 10:00,61856.6272286,62408.850181,60562.158096,61176.72,188044.13821,36418.069204500076
2021-10-18 12:00,61155.98,61541.6242688,60535.46745,60949.99,179331.60123,45367.285391000085
2021-10-18 14:00,60948.172664,62013.3793136,59946.91352,61905.2214187,293335.75993,60016.89559600009
2021-10-18 16:00,61917.947606,62310.4394679,61698.7992,62103.292602,193896.86243,69696.0562020001
2021-10-18 18:00,62102.55,62521.146798,61643.969436,61884.330916,92415.48573,74299.4411185001
2021-10-18 20:00,61886.3298944,62176.76756,61172.92746,61574.3904846,87769.78238,78672.55129550009
2021-10-18 22:00,61567.91,61998.51014,61242.960616,61918.34,31016.8204,80207.8447675001
2021-10-19 00:00,61917.2270504,62239.3114575,61729.98687,62173.4715416,30877.06689,81735.29062300008
2021-10-19 02:00,62176.5606262,62526.34,61875.528,62034.38,116770.24439,87555.33976700008
2021-10-19 04:00,62052.521748,63146.37,61837.3,62747.0996448,81523.236724,91612.76896270007
2021-10-19 06:00,62746.5289712,62958.1910438,62380.22336,62554.47,86440.16113,95916.10814570007
2021-10-19 08:00,62559.03,62619.77,62066.143467,62403.199529,211601.45939,106477.53625870007
2021-10-19 10:00,62392.070532,62693.559045,61845.46,62291.9862576,184386.72728,115680.55309620006
2021-10-19 12:00,62304.95,62550.36392,62179.942026,62248.3538446,171849.83518,124256.03226770007
2021-10-19 14:00,62243.05,63348.5769,62098.478848,62730.4392,205135.939859,134478.03602365006
2021-10-19 16:00,62732.9,62830.58,61510.908,62394.33,193939.90647,141258.74427765005
2021-10-19 18:00,62396.4996354,63492.2059056,62303.39,63413.1787176,88682.6293,140021.60426615007
2021-10-19 20:00,63420.7544334,64314.6618912,63082.603562,64200.3102806,86316.168907,139764.9800530001
2021-10-19 22:00,64184.39,64337.504699,63652.3979274,64034.08,28516.018952,137397.44687360007
2021-10-20 00:00,64036.9270704,64481.62,63857.595018,64281.4124392,50140.397837,130099.51213095008
2021-10-20 02:00,64288.7711928,64369.0745465,63744.614311,63857.1651314,123464.81317,126870.54587895008
2021-10-20 04:00,63868.602861,64079.43,63748.07,63896.29,72096.86429,121508.80903195008
2021-10-20 06:00,63913.654707,64147.1407403,63563.408312,63831.050136,81425.52348,110913.29720945007
2021-10-20 08:00,63808.97,64213.221762,63724.194864,63998.0030025,181278.67902,110282.38803895007
2021-10-20 10:00,64001.999728,64273.86299,63857.345625,64000.498172,135312.10965,112427.21923495007
2021-10-20 12:00,63997.2064023,64065.8603728,63759.999399,63780.85,133716.96874,114724.57855295006
2021-10-20 14:00,63783.130295,66208.1451156,63754.293488,66169.9806572,226554.535112,124501.46428855005
2021-10-20 16:00,66178.343634,67038.2093549,65796.448056,66722.703102,186245.792477,132269.90056790007
2021-10-20 18:00,66724.0665928,66801.0542554,66023.634384,66222.4339324,133543.12321,133108.54450890006
2021-10-20 20:00,66222.1818443,66588.54,66023.7654,66127.61,85267.53102,133295.75922370006
2021-10-20 22:00,66137.3146343,66186.768,65261.132748,65467.9655404,30564.928,130501.99756720006
2021-10-21 00:00,65462.66,65919.144867,65184.968576,65635.3977272,33652.53342,121604.55126870007
2021-10-21 02:00,65625.5863184,65656.7403876,64196.92,64556.31,105040.79538,117637.25467370008
2021-10-21 04:00,64565.97,65061.4780509,63693.28636,64786.7137544,76168.80709,112853.20326920008
2021-10-21 06:00,64763.34,64916.8030044,64287.554554,64644.54,126748.34909,108933.82373075008
2021-10-21 08:00,64654.7180481,65145.473913,63967.9831,64989.75,174708.0548,107972.23114725007
2021-10-21 10:00,64978.5026826,66453.2636094,64941.77913,66026.1474708,145364.99893,110806.34962875007
2021-10-21 12:00,66037.5178616,66049.361898,64077.210318,64632.72,145150.2813,113748.05524840005
2021-10-21 14:00,64626.4491156,65499.7777446,64262.300104,64613.37108,266657.55829,125655.13221530007
2021-10-21 16:00,64640.971689,64791.4871972,61698.117204,62818.3988971,210928.76293,133694.55046995007
2021-10-21 18:00,62729.97,63478.1985,62209.188,62246.7114225,103075.29327,132675.07447495006
2021-10-21 20:00,62258.04726,63257.830146,62250.015,62572.2053297,89229.25088,133531.69380445007
2021-10-21 22:00,62587.08,62875.72593,62140.055784,62604.64,40747.63223,131497.7992419501
2021-10-22 00:00,62608.11,62968.8331,61991.10879,62155.945761,36553.99731,124261.56515645007
2021-10-22 02:00,62148.69,63080.2234249,62094.92,62583.63,116165.2806,123304.22370395009
2021-10-22 04:00,62571.8145584,63287.02,62518.006936,63204.482056,73343.86782,120285.56865795008
2021-10-22 06:00,63207.0841389,63273.0034044,62743.48745,62968.147374,63267.49046,112121.21642535008
2021-10-22 08:00,62968.695729,63426.7011938,62478.75,63381.509949,200905.17672,112854.18563750006
2021-10-22 10:00,63388.0060734,63765.54179,63159.54,63331.5706837,156729.5898,114013.50896700009
2021-10-22 12:00,63330.6626623,63506.95,62930.64,63364.5071973,139065.18418,116703.39162500008
2021-10-22 14:00,63364.5304587,63755.2657803,62449.337883,62551.2004911,222201.18543,126285.20449650008
2021-10-22 16:00,62537.737395,62557.6533988,60551.114428,60741.499448,288370.99156,139021.12740350008
2021-10-22 18:00,60724.15808,61456.54,60043.133748,60698.1,156801.13359,141609.1443140001
2021-10-22 20:00,60701.7,61217.9421966,60353.945229,61201.4777829,84077.44149,142004.57603400009
2021-10-22 22:00,61205.01,61388.276364,60378.048,60606.83,18752.31978,136604.77456850008
2021-10-23 00:00,60618.03,61089.749582,60542.200818,60920.611848,175.91285,127878.16747100008
2021-10-23 02:00,60915.417286,61437.913353,60603.335921,61253.098757,212.62466,120620.5487575001
2021-10-23 04:00,61248.89419,61452.22,61194.409524,61443.305914,161.95794,113371.13258950012
2021-10-23 06:00,61447.300835,61764.238999,61092.38,61215.34,207.44219,100048.62678450011
2021-10-23 08:00,61215.01,61310.821289,60943.137146,61108.89,210.59103,89512.71818950013
2021-10-23 10:00,61097.8,61371.141102,60564.4,60880.49958,216.07723,84369.75738750011
2021-10-23 12:00,60883.714152,61896.921623,59923.815,61769.992617,385.1004,79927.54986350013
2021-10-23 14:00,61776.212115,61957.311318,61420.710734,61557.213574,242.15435,77902.27596950012
2021-10-23 16:00,61550.097257,61746.675323,60971.87,61675.64027,269.65018,76088.05861300012
2021-10-23 18:00,61670.364179,61832.443831,61193.01,61454.29,223.59246,70290.97420600013
2021-10-23 20:00,61452.180928,61633.874128,61135.790173,61236.874486,216.00441,66634.58103550013
2021-10-23 22:00,61232.00604,61654.233084,61054.925052,61251.22359,183.22557,63480.36779100013
2021-10-24 00:00,61254.193575,61568.010343,61154.19,61505.547482,196.13298,53444.91560400013
2021-10-24 02:00,61505.55,61700.355204,61161.19228,61213.1379,180.17446,45617.444837000134
2021-10-24 04:00,61204.099828,61498.05,61061.226079,61439.939931,177.03791,38673.037523500134
2021-10-24 06:00,61439.94,61465.09,61062.099604,61126.61,176.23878,27571.79019100013
2021-10-24 08:00,61125.7854,61334.883991,60800.438102,60917.63,215.81833,13164.03152950013
2021-10-24 10:00,60914.776701,61525.673498,60677.21,61031.165172,347.4027,5341.344985000129
2021-10-24 12:00,61033.692571,61315.421854,60447.93,60558.19,304.05288,1152.6755545001286
2021-10-24 14:00,60558.180502,61054.52,60127.649147,60758.147845,420.37488,236.07830950012854
2021-10-24 16:00,60754.921626,60832.281,59920.05,60104.69291,376.98274,246.13180400012857
2021-10-24 18:00,60109.724414,60736.146662,59760.03,60521.34,330.2154,252.01134100012854
2021-10-24 20:00,60521.923391,60927.72,59956.205307,60848.51,319.04096,259.86549200012854
2021-10-24 22:00,60848.726564,61577.69,60792.2,61177.86,229.55514,260.9711395001286
2021-10-25 00:00,61140.2878284,61258.175768,60944.150568,61041.12,41602.8492,2330.5840480001284
2021-10-25 02:00,61030.248761,62302.32,60850.45,61920.3805948,105970.98798,7618.329585500129
2021-10-25 04:00,61945.51,62400.6019494,61834.166242,62266.98,85163.1716,11857.23314550013
2021-10-25 06:00,62284.8786208,62385.1199,61920.28536,61949.518608,64909.28673,15090.58976450013
2021-10-25 08:00,61948.6043756,63040.95,61912.08261,62800.0910424,166550.20155,23404.61733300013
2021-10-25 10:00,62805.9784839,63097.16,62644.06,62775.2921012,182908.63472,32538.86944600013
2021-10-25 12:00,62781.040791,63292.043424,62578.71,62815.0569423,151820.74153,40119.10630200013
2021-10-25 14:00,62813.56,63466.6845,62631.62,63323.34,219043.00641,51062.09534400013
2021-10-25 16:00,63311.8087384,63721.146489,63067.515144,63673.5357,165247.51332,59314.664361000134
2021-10-25 18:00,63673.55,63774.7538688,62876.34666,63177.511286,80352.1557,63323.263423000135
2021-10-25 20:00,63176.2224206,63261.74241,62708.54,62755.47,57938.84467,66211.35376100014
2021-10-25 22:00,62754.9299328,63341.7919625,62577.1478034,62901.9273644,23687.86986,67386.93531500014
2021-10-26 00:00,62907.88,63216.25,62744.4322,63151.9664785,25523.99125,68652.34396100014
2021-10-26 02:00,63150.59,63307.62,62740.645888,62764.026679,81983.89194,72734.16842300014
2021-10-26 04:00,62762.8950306,62938.53,62626.8,62778.8591136,67839.62141,76110.94684950013
2021-10-26 06:00,62781.035428,62839.1411284,62296.85931,62440.57,56453.80071,78912.61814100013
2021-10-26 08:00,62441.1090848,62642.143158,62203.216816,62501.62,155377.3794,86662.63797400014
2021-10-26 10:00,62500.196266,63214.98,62483.588205,62816.1852384,147995.47714,94045.90106100014
2021-10-26 12:00,62813.7999822,63248.1,62715.91263,62902.2911274,136204.30331,100840.16417850014
2021-10-26 14:00,62905.2791914,63046.86,62150.396931,62312.5755698,197277.89314,110692.58107850014
2021-10-26 16:00,62306.67,62753.8019022,61865.147736,62547.1488418,183741.04212,117799.49072450012
2021-10-26 18:00,62538.11,62739.04,61977.476412,62539.751912,88895.21378,116945.70201450012
2021-10-26 20:00,62546.0499412,62674.1841946,61918.308102,61987.25,59471.06223,115661.0965460001
2021-10-26 22:00,61991.0693703,62323.414245,60636.11,60830.64,42814.9312,114556.37876950011
2021-10-27 00:00,60849.35,60923.47,59994.05,60491.044224,38969.87048,108177.36221600013
2021-10-27 02:00,60502.88374,61045.79,60323.78,60691.76,94803.39111,103772.10003550012
2021-10-27 04:00,60703.67,61022.16,60550.48834,60895.76,59904.69928,99176.29792300012
2021-10-27 06:00,60894.19,61688.67,60713.59,61040.237805,58067.79851,91127.53752800013
2021-10-27 08:00,61045.6321398,61153.041186,60157.8,60206.0007069,156147.4382,90672.53377200014
2021-10-27 10:00,60209.29,60222.99,58312.41,59444.57,189203.60312,96115.10614300014
2021-10-27 12:00,59435.59,59595.86,58722.8,58888.1651085,155410.12462,100988.67014050014
2021-10-27 14:00,58879.26,59527.42,58602.45613,59236.28,228568.37225,111232.69526000014
2021-10-27 16:00,59238.3282816,59615.22,58887.37,59148.01,310838.78346,125498.43487050015
2021-10-27 18:00,59147.9944991,59476.47,58776.14,59190.96,144166.45879,128607.56321300015
2021-10-27 20:00,59210.59,59383.45,58407.83,59295.28,111337.40773,130782.45252900015
2021-10-27 22:00,59295.32,59827.35,58818.218499,58965.54,26431.32137,129281.32856200014
2021-10-28 00:00,58956.22,59167.65,58617.048097,58640.6085496,31254.62407,123075.19079550014
2021-10-28 02:00,58647.7248786,59213.4995844,58302.73,59201.2063643,101610.3004,120755.93195850014
2021-10-28 04:00,59197.5163241,59425.1832617,58922.775748,59105.2782144,89395.71541,118415.50256350015
2021-10-28 06:00,59104.580504,59530.82989,58887.569277,59109.1279149,65614.70766,111832.34328950015
2021-10-28 08:00,59109.1279149,59340.0021315,58681.017149,59148.1729046,179845.99379,111637.59087300017
2021-10-28 10:00,59150.2111438,61418.52,59127.973155,61248.3263231,191627.21342,116774.19085500017
2021-10-28 12:00,61250.0072646,61450.446645,60986.76036,61126.8572194,172202.74181,122410.77483400019
2021-10-28 14:00,61127.5645937,62127.6801536,61025.691116,61973.251775,455014.26761,143020.7416545002
2021-10-28 16:00,61980.9281274,62081.7269436,61478.26713,61543.0221874,292293.71064,155686.93366250017
2021-10-28 18:00,61541.666913,61734.8839114,61017.05229,61310.2537908,136655.14634,157779.52142400018
2021-10-28 20:00,61307.6502248,61618.653358,58024.680912,61470.6513272,95281.43333,159548.35812650018
2021-10-28 22:00,61462.673614,62605.3914,60508.285794,60793.869629,52259.64471,159257.9504365002
2021-10-29 00:00,60795.4777069,61041.425741,60457.184388,60700.2733747,47690.25648,153835.09135050018
2021-10-29 02:00,60683.20038,62018.9750226,60346.79615,61368.483876,113051.77238,150027.49981350015
2021-10-29 04:00,61379.0184602,61789.921928,61325.049832,61628.8915772,68082.82019,145661.13459200016
2021-10-29 06:00,61634.0267754,61673.059924,60686.819844,61036.5251136,87880.91239,138626.76159900017
2021-10-29 08:00,61036.6515717,61469.6670308,60446.611071,60678.46842,167693.53022,131469.49893700017
2021-10-29 10:00,60683.7044223,61412.6836176,60543.927593,60958.695827,187892.90054,133655.82102450015
2021-10-29 12:00,60958.695827,61234.887912,60619.88741,61028.905654,146698.81605,135423.89144050016
2021-10-29 14:00,61025.1791772,61542.748,60764.33856,61287.6990492,274135.84707,147809.11772550017
2021-10-29 16:00,61289.841573,62293.9660002,60947.096112,62043.1401835,350083.57748,163750.56539600017
2021-10-29 18:00,62057.54241,62675.7634575,62017.398519,62210.3726077,142108.75862,165775.48830700017
2021-10-29 20:00,62205.6349347,62543.844872,61750.785,62460.3971826,103943.7553,166502.89030150016
2021-10-29 22:00,62455.744704,62626.48496,62117.588269,62272.760011,29539.21233,164699.11553500016
2021-10-30 00:00,62264.713555,62381.340923,61973.757868,62164.976808,195.28211,155716.57995100014
2021-10-30 02:00,62164.976808,62257.696028,61660.605061,61956.173587,213.76101,146145.90733050014
2021-10-30 04:00,61940.242529,61968.092978,61556.787281,61588.626275,195.99213,137545.56984650015
2021-10-30 06:00,61589.72457,61831.615373,61207.772252,61473.467154,196.79073,114804.69600250016
2021-10-30 08:00,61470.29944,61809.556985,61337.255452,61535.896554,198.05922,100199.91343150016
2021-10-30 10:00,61535.318504,61677.692219,61061.768383,61461.212494,272.24065,93380.76814700016
2021-10-30 12:00,61461.212494,62064.604206,61309.127539,61702.132173,231.05555,88628.24925800016
2021-10-30 14:00,61701.057,62481.100792,61483.13215,61789.937968,337.69359,86032.15170200016
2021-10-30 16:00,61792.088314,61901.698155,60996.321562,61572.209655,344.89954,83664.88385500017
2021-10-30 18:00,61566.070764,61735.74,61273.3,61594.302726,235.61289,78024.07588050017
2021-10-30 20:00,61597.343269,61990.486635,61571.481312,61933.467783,189.54147,74629.41194450017
2021-10-30 22:00,61937.652865,62147.912772,61678.443684,61678.443684,192.10593,70244.97162150018
2021-10-31 00:00,61678.443684,62073.841445,61394.979525,62064.592645,230.89602,61871.83991150018
2021-10-31 02:00,62052.962279,62590.155705,62052.962279,62336.912,254.82571,52489.936170000175
2021-10-31 03:00,62336.912,62455.227274,61738.040639,61844.205302,213.0491,45165.64782250017
2021-10-31 05:00,61848.933751,61878.472106,61317.324288,61415.407812,204.33112,31469.07202500017
2021-10-31 07:00,61406.13589,61541.538322,61218.188713,61493.109293,205.14052,13975.150177000172
2021-10-31 09:00,61510.3005,61520.809449,60732.626713,60837.554349,335.72449,6886.498470500172
2021-10-31 11:00,60822.929684,61262.004903,60500.389345,60668.763749,335.02353,1706.061882000171
2021-10-31 13:00,60672.486391,60984.078463,60177.386566,60584.865572,303.15538,244.25903450017103
2021-10-31 15:00,60584.854011,60971.685071,60418.606831,60715.759214,286.8213,248.835994000171
2021-10-31 17:00,60716.52224,61158.083074,60464.504001,60879.081461,226.36197,249.466042000171
2021-10-31 19:00,60887.97187,61094.33572,60695.25,60954.944743,204.11831,249.87235100017102
2021-10-31 21:00,60957.164455,61738.930836,60796.050359,61700.791097,231.74739,251.62018400017104
2021-10-31 23:00,61710.567882,61874.1763755,61437.911322,61503.324745,52990.16129,2891.225287500171
2021-11-01 01:00,61511.339952,61979.4024,61323.28629,61507.007785,92221.84937,7488.70572350017
2021-11-01 03:00,61516.194964,61625.9211048,59939.31,60111.053696,64501.94837,10702.25036450017
2021-11-01 05:00,60094.4513848,61117.124992,59645.42,60912.457942,70127.70926,14191.75114800017
2021-11-01 07:00,60884.4321632,62544.052536,60517.473952,62480.4203928,160900.58655,22219.53549850017
2021-11-01 09:00,62480.4319564,62726.6440866,61968.064341,62239.788405,179514.83856,31183.49678200017
2021-11-01 11:00,62250.1080106,62743.835308,62100.816456,62129.0171928,137911.55688,38069.59755250016
2021-11-01 13:00,62133.215536,62517.809368,61983.503766,62229.9564015,198103.9515,47965.18983100016
2021-11-01 15:00,62234.7001425,62286.8115116,61606.858472,61919.9827568,202888.10735,58098.05039750016
2021-11-01 17:00,61918.380176,61926.169328,61107.540984,61143.557147,108104.45613,63490.531918500164
2021-11-01 19:00,61148.680365,61729.7676152,60722.687683,61727.6402496,98156.44511,68387.70171900016
2021-11-01 21:00,61726.5260352,61733.3491056,60746.8203144,61090.76652,67865.36416,71770.75337100017
2021-11-01 23:00,61086.3691648,61518.282372,61059.6455158,61209.4887648,35494.1344,73535.20306500018
2021-11-02 01:00,61207.870416,61836.82758,60922.460595,61643.7201523,71510.28714,77093.93119750018
2021-11-02 03:00,61644.7832225,61745.6156968,61100.843076,61392.1077825,73795.07211,80766.93362650019
2021-11-02 05:00,61382.2066596,62170.74503,61366.850484,62141.7002202,86228.97143,85063.2244290002
2021-11-02 07:00,62137.2431835,62204.1707541,61824.883456,61857.2178598,134295.05123,91763.6359255002
2021-11-02 09:00,61870.611828,63416.59912,61638.253643,63327.1078082,182929.02124,100898.7688890002
2021-11-02 11:00,63337.923892,63769.75,63038.743506,63048.5245368,149318.37336,108354.48164150018
2021-11-02 13:00,63050.5936628,63562.914135,63041.898978,63459.9047502,200815.74139,118383.68134150018
2021-11-02 15:00,63464.402097,64314.1849116,63053.1,64041.4418336,212590.08465,126363.67750950018
2021-11-02 17:00,64049.4409805,64276.77,63423.700096,63486.5962209,121104.07329,127807.78870550019
2021-11-02 19:00,63489.8171745,63697.901257,63247.462224,63619.9073532,80905.05805,128627.94418950021
2021-11-02 21:00,63611.9538528,63622.4384202,62925.1725,63008.367506,27127.08275,126477.91286400022
2021-11-02 23:00,63007.93912,63285.0499905,62653.259416,63278.6213655,23468.76302,119606.3216875002
2021-11-03 01:00,63263.5974114,63536.11338,62895.927104,63152.8845482,45073.98418,112884.2789685002
2021-11-03 03:00,63148.0663114,63263.739825,62790.31506,63242.23698,47865.66878,108381.9845635002
2021-11-03 05:00,63209.1601827,63223.404648,62766.750124,63040.807874,37613.43929,100357.4589530002
2021-11-03 07:00,63036.3128164,63473.7623666,62749.031884,63356.2378529,82724.76634,94349.2919025002
2021-11-03 09:00,63352.39668,63419.6996781,62881.584325,63351.30596,135754.98843,95731.8185175002
2021-11-03 11:00,63362.7030388,63430.1834796,62956.130094,63171.150591,138060.8762,97727.0400720002
2021-11-03 13:00,63174.3877248,63206.739879,61686.510384,61792.0487816,194400.78316,104053.8110220002
2021-11-03 15:00,61791.4861544,62283.4278755,61525.9850238,62255.9469628,207886.95582,112673.4520930002
2021-11-03 17:00,62265.4850727,62710.617017,62025.993514,62547.15753,105060.93809,114350.98464050019
2021-11-03 19:00,62539.8521616,63456.070663,60598.29475,62967.975,473652.69879,134343.86597450016
2021-11-03 21:00,62964.933966,63351.0273196,62873.408688,63249.3784971,51950.3644,132629.93562300017
2021-11-03 23:00,63254.4751646,63316.020572,62727.687503,63007.7764042,39956.7306,127913.01959150017
2021-11-04 01:00,63002.3083152,63213.6600368,62387.0760708,62445.699844,74048.93867,122469.01546300016
2021-11-04 03:00,62453.773327,62711.2165284,62300.20083,62472.67805,56232.64376,117814.72898300015
2021-11-04 05:00,62472.5374708,62915.0660397,62395.995,62448.9026292,57442.80183,110646.08200500013
2021-11-04 07:00,62446.7643477,62682.65829,61839.740112,61869.4610072,103760.90654,105204.62309950012
2021-11-04 09:00,61880.406984,62276.893861,61292.385,61788.473496,177031.55759,108000.99731450013
2021-11-04 11:00,61788.8616006,61947.516307,61161.751343,61418.2566712,132205.94699,110566.04176150014
2021-11-04 13:00,61419.0422286,62067.9826861,61240.931544,61941.1762884,251461.44954,121782.76010100012
2021-11-04 15:00,61939.586268,62258.5140562,60702.698718,60918.09204,238866.18254,132552.63107700011
2021-11-04 17:00,60925.4601787,61259.194272,60745.378548,60964.3590336,132577.25373,136927.7945545001
2021-11-04 19:00,60947.0389836,61494.5674656,60794.842017,61344.567557,90394.61408,139054.24181950014
2021-11-04 21:00,61346.1484,61625.4176145,61158.485796,61441.9725136,45714.41278,139459.29049400013
2021-11-04 23:00,61441.8377916,61576.3738785,61114.712352,61495.1049856,42525.51714,137449.32803400012
2021-11-05 01:00,61491.5815785,61858.215526,60918.399573,61855.0023904,96617.14444,135492.43583450012
2021-11-05 03:00,61860.2924736,62392.033431,61704.63388,62299.3956849,67482.76081,131963.53006500012
2021-11-05 05:00,62301.5308755,62431.3694012,62024.059662,62326.4790304,56457.10915,125066.34636450012
2021-11-05 07:00,62324.872148,62714.6527413,62194.92717,62221.197841,99147.08004,119629.35257550012
2021-11-05 09:00,62225.0473543,62287.8332995,61626.1965,61810.2882646,177064.96545,123229.55394350013
2021-11-05 11:00,61812.5323111,61906.4823992,61301.59712,61378.248435,145605.90535,106827.21427150012
2021-11-05 13:00,61374.1330176,62053.996,61225.57742,61848.9366016,313803.30385,119919.86124400012
2021-11-05 15:00,61846.719753,61947.425815,60995.686955,61054.0383663,219378.72436,128890.96093200012
2021-11-05 17:00,61045.91724,61381.501302,60977.51307,61299.211116,131825.5378,131779.7908885001
2021-11-05 19:00,61296.5993244,61680.4444905,61193.295009,61529.983776,92755.36866,133605.92713350014
2021-11-05 21:00,61526.5015435,61670.617526,61188.5342969,61542.836358,27789.29978,132123.25203100016
2021-11-05 23:00,61542.2926908,61796.131758,61242.2038494,61366.47799,306.8992,126950.55166400014
2021-11-06 01:00,61360.1991612,61703.939172,61238.202048,61551.291104,335.9281,118115.77018950015
2021-11-06 03:00,61550.7589296,61595.103112,61260.8365143,61487.666538,291.68326,111520.05700300014
2021-11-06 05:00,61485.8626647,61843.772112,61360.7658903,61795.622854,361.55194,98965.06212300014
2021-11-06 07:00,61807.1171031,61916.371894,60904.9075077,61212.199116,435.71304,87043.53864800015
2021-11-06 09:00,61215.3478296,61750.23787,61144.0671879,61368.663964,403.68526,80434.86022450015
2021-11-06 11:00,61363.7151948,61435.087502,60587.4235527,60815.496882,489.14436,75939.58673850015
2021-11-06 13:00,60813.1783548,61099.754464,60534.5673897,60966.132466,443.66477,73676.04933800016
2021-11-06 15:00,60973.3892016,61178.044718,60757.5695076,61077.189198,407.17517,71570.13223950015
2021-11-06 17:00,61076.6726886,61278.252542,60847.5869073,61133.30743,345.88622,66756.56932850016
2021-11-06 19:00,61133.2646373,61622.364174,61108.548309,61616.59274,323.24943,63398.59375950015
2021-11-06 21:00,61620.7904541,61893.297724,61531.2356904,61814.394472,337.64572,60592.62058800015
2021-11-06 23:00,61824.9054573,61902.053186,61650.4801194,61794.755404,310.45304,55650.78923800016
2021-11-07 01:00,61788.5191359,62630.907808,61667.3316357,62184.275152,433.19941,46819.20093600016
2021-11-07 03:00,62185.4608239,62532.67777,62079.2974278,62478.31757,306.36669,39554.22400300016
2021-11-07 05:00,62496.4794408,62616.103328,62237.4148467,62263.004914,299.09113,23879.01336700016
2021-11-07 07:00,62272.3554306,62389.77984,62027.2740096,62076.549428,312.34357,12925.694327500161
2021-11-07 09:00,62076.7413639,62349.981234,61816.6821024,62300.178038,349.79913,6351.907394000162
2021-11-07 11:00,62308.3716432,62662.2748,61932.0056913,62269.678496,423.58039,1735.3179805001623
2021-11-07 13:00,62278.8092028,62488.796366,62128.1749212,62227.844274,414.55088,366.58053550016217
2021-11-07 15:00,62221.0837959,62398.558434,62106.8242698,62313.363278,376.90369,370.0807600001622
2021-11-07 17:00,62312.2924833,62841.536234,62310.3841098,62821.920298,387.24441,372.64657550016216
2021-11-07 19:00,62821.3771377,62882.213856,62474.3423082,62646.741662,364.85058,376.3049415001622
2021-11-07 21:00,62644.8005424,63448.404254,62550.8507367,63224.428664,395.33529,377.9941090001622
2021-11-07 23:00,63176.8825065,63705.4181335,63123.0979002,63695.462453,61659.86473,3439.201693500162
2021-11-08 01:00,63695.4740211,65903.97,63683.911146,65365.0178041,74121.21075,7125.077968000162
2021-11-08 03:00,65353.3832,65615.9836512,65269.719822,65483.085249,62921.39132,10246.690316000162
2021-11-08 05:00,65500.372301,65912.3816106,65367.754,65745.155434,50940.94972,12771.554563500162
2021-11-08 07:00,65763.933396,66593.0447,65672.075524,66180.1494775,101071.93497,17804.792553500163
2021-11-08 09:00,66182.3573802,66718.5544508,65838.9912,66218.59312,162385.57908,25906.777196500163
2021-11-08 11:00,66220.3231559,66332.3133,65825.2872,66256.0831285,110892.65659,31435.24755450016
2021-11-08 13:00,66252.063129,66359.0791017,65417.712149,65505.8098865,143300.62133,38583.39633500016
2021-11-08 15:00,65504.4946511,66669.6948093,65297.22719,66520.4413532,196086.432,48372.19528300016
2021-11-08 17:00,66521.5546192,66677.3339229,65973.731721,66040.2,106567.75332,53678.92297850016
2021-11-08 19:00,66040.8789706,66167.4486264,65819.440356,65898.0794892,66297.08367,56978.45882750016
2021-11-08 21:00,65898.6481104,66467.1345075,65644.479972,66186.7850952,59673.22111,59947.16532650016
2021-11-08 23:00,66184.071936,67830.8231337,66145.7220896,67547.5386,29959.265127,61429.51140435015
2021-11-09 01:00,67557.4381823,67724.771793,67125.982205,67489.7068423,72530.68218,65038.55555685016
2021-11-09 03:00,67487.2169422,68541.990516,67292.995152,68503.6346931,96365.846818,69835.66887825016
2021-11-09 05:00,68516.0081496,68527.8363456,67914.246228,68173.849584,75863.79304,73608.13098625015
2021-11-09 07:00,68174.43732,68271.175245,67705.348032,67918.889985,114550.47064,79316.80933375015
2021-11-09 09:00,67924.747435,68363.8469163,67702.397076,68351.7034976,141619.41893,86378.41805975014
2021-11-09 11:00,68349.0421212,68369.7430453,67437.136384,67722.8101176,126620.46736,92691.19889875014
2021-11-09 13:00,67726.1796,68301.288468,67390.5297,68288.7909926,176367.86887,101489.82557775013
2021-11-09 15:00,68282.8548567,68298.1658381,66666.721666,66853.6650752,252437.57707,111028.71119475013
2021-11-09 17:00,66869.255688,67103.3085912,66371.61057,66919.760265,159333.75889,115289.33860175013
2021-11-09 19:00,66918.3947341,67303.0568168,66417.946983,66910.82904,95007.11834,116893.62495275013
2021-11-09 21:00,66912.382636,68007.0043365,66772.179968,67923.3609124,61959.66853,117444.56089325013
2021-11-09 23:00,67923.8288053,67950.6687275,66975.237504,67168.6476557,44034.61908,114592.69509875015
2021-11-10 01:00,67180.285194,67587.19,67000.52871,67230.06664,70559.90951,110001.41162025016
2021-11-10 03:00,67238.176023,67392.12102,66572.539605,66660.5835171,71962.9353,108054.92555575015
2021-11-10 05:00,66657.4666794,66849.4526448,66435.822914,66487.429085,57988.66173,103789.32757575015
2021-11-10 07:00,66490.4971225,66920.868,66423.099576,66571.115554,113385.35403,99654.27367725015
2021-11-10 09:00,66573.324851,67037.5109262,66496.484762,66903.3950611,176436.01306,103147.68666425016
2021-11-10 11:00,66903.3834834,67283.286,66679.373876,66696.8376384,143834.00197,107024.53257925014
2021-11-10 13:00,66695.47488,68181.321051,66036.060624,68124.4581261,248275.84462,116454.66375475013
2021-11-10 15:00,68134.6487567,69080.7036388,68038.97081,68300.3915568,375620.940295,133737.74751315016
2021-11-10 17:00,68294.7524171,68732.6879088,68278.744028,68509.2163635,212451.29567,140733.77818765014
2021-11-10 19:00,68506.438464,68540.755458,66493.807359,66578.7203592,233634.50411,147597.21105225015
2021-11-10 21:00,66582.8261892,66986.470584,63127.436611,64370.7228654,177196.52259,152663.84752975014
2021-11-10 23:00,64369.6898364,65512.266714,63973.2712851,65122.218,78654.82389,150869.06519225016
2021-11-11 01:00,65119.6797266,65175.0476888,64406.24913,64863.2973796,171509.05121,152363.54680625017
2021-11-11 03:00,64861.4951609,64954.1873995,64237.782176,64862.6474925,206647.83031,156364.91495375015
2021-11-11 05:00,64863.2127,65047.647535,64509.669178,64839.2969472,159481.82018,155520.61251925016
2021-11-11 07:00,64838.0686728,65602.9981668,64593.618648,65401.530089,233250.73163,154561.27024725016
2021-11-11 09:00,65418.7775395,65799.9358254,64842.901119,65591.297463,285104.88098,160849.82635175012
2021-11-11 11:00,65591.809079,65643.6942923,65252.295108,65541.2034827,257009.18456,168949.92966275013
2021-11-11 13:00,65541.0429069,65617.3893602,64950.440686,65052.8779005,229150.23852,177309.45816225014
2021-11-11 15:00,65057.86287,65783.7290396,64757.537208,65169.9317672,172492.5586,183732.35513825013
2021-11-11 17:00,65169.9202969,65596.773585,65065.341978,65236.18035,108067.14551,185607.71693825015
2021-11-11 19:00,65242.6735216,65508.948828,64896.687272,65405.89044,105042.5627,187261.69830825014
2021-11-11 21:00,65409.330945,65498.9453736,65024.29302,65405.8019153,62272.25073,187475.87775825016
2021-11-11 23:00,65405.26875,65660.5885,65118.69766,65126.093633,38875.76963,183750.39853825016
2021-11-12 01:00,65124.91908,65583.9393848,64350.189024,65336.6669664,111354.25733,180496.31075175016
2021-11-12 03:00,65322.482685,65680.0751648,64973.456058,65058.180039,83408.12589,177475.01694775015
2021-11-12 05:00,65058.1686,65318.25872,64943.643497,64974.911328,75085.20804,168815.48511875013
2021-11-12 07:00,64970.745894,65132.4865702,64564.0040436,64837.0644474,118585.71434,155963.72382100014
2021-11-12 09:00,64833.1008171,65269.8686256,63896.029722,64056.9572425,180368.68922,154359.59349850012
2021-11-12 11:00,64070.4700818,64475.6692116,63764.514294,64050.884496,153979.7811,150376.8573480001
2021-11-12 13:00,64053.0806877,64479.4895912,63529.432006,64254.5520848,172670.74969,150150.5687030001
2021-11-12 15:00,64262.5687704,64456.6718124,63146.76145,63381.6281696,254561.86029,158945.92052300012
2021-11-12 17:00,63393.0491818,63880.2306924,62518.61007,63860.332016,125148.76714,156627.90631950012
2021-11-12 19:00,63860.3205669,64369.7956314,63797.553653,64093.239718,66911.07068,149641.0683380001
2021-11-12 21:00,64093.2168324,64758.8659992,64073.59812,64340.0090199,42709.37283,143802.4459705001
2021-11-12 23:00,64346.88897,64635.4653951,63955.065276,64404.2710104,21440.30013,133211.9243955001
2021-11-13 01:00,64385.0614836,64707.761565,64080.6443514,64118.9775288,21453.69396,120029.3650445001
2021-11-13 03:00,64108.196334,64282.2819531,63850.1700822,64046.3151285,21431.5015,108250.48089150009
2021-11-13 05:00,64034.5403178,64196.7328206,63777.6048936,63878.1810408,21410.83549,97863.51074000009
2021-11-13 07:00,63865.6017714,64406.2166094,63834.256764,64287.8669667,21427.35923,90310.25077150008
2021-11-13 09:00,64287.0784998,64356.2604939,63622.2469776,63733.8748185,21479.53967,85980.87047950008
2021-11-13 11:00,63722.6150418,64075.1672172,63632.9778852,63840.0015216,21515.29504,81804.50709650009
2021-11-13 13:00,63828.2760102,64083.2700648,63689.7327174,63876.9335685,21524.47147,79767.11813350009
2021-11-13 15:00,63864.5376096,65096.6639157,63821.615343,65031.7953561,21656.46593,78906.1529485001
2021-11-13 17:00,65021.4187974,65343.8465463,64878.6440622,65025.5694393,21525.16591,74414.69837750008
2021-11-13 19:00,65017.6999524,65060.7733365,64156.7102412,64265.42391,21535.62567,71321.07336650009
2021-11-13 21:00,64253.6432226,64759.5602772,64236.0137076,64688.9350335,21479.11157,68640.76854300009
2021-11-13 23:00,64684.1939328,64921.0793283,64429.318767,64750.2900702,21433.72775,63783.16921350009
2021-11-14 01:00,64736.4980574,65690.7125139,64722.9200598,65128.0910619,21508.67672,55840.1685885001
2021-11-14 03:00,65120.0540094,65263.8137592,64861.0261542,64987.5501459,21408.87272,49211.6231695001
2021-11-14 05:00,64975.6255122,65348.664765,64788.4380852,65237.2391658,21447.10277,41650.440823500096
2021-11-14 07:00,65228.8159224,65495.5231554,64899.1792212,65006.4796797,21496.92359,29997.193988500097
2021-11-14 09:00,65009.8503288,65177.1201567,64427.8658616,64625.4169485,21547.37235,24817.1242490001
2021-11-14 11:00,64615.2637104,64834.2255,64517.351106,64796.229096,21531.30428,22548.1359290001
2021-11-14 13:00,64784.339568,65141.3211351,64575.3986808,64994.8175304,21562.99886,21490.8172305001
2021-11-14 15:00,64982.8915632,65005.896,64352.84103,64475.2968186,21569.21409,21497.2629285001
2021-11-14 17:00,64460.4453324,64624.7188218,63959.240949,64584.5135907,21687.58582,21508.9575215001
2021-11-14 19:00,64572.6629106,64801.379211,64218.075474,64574.8199298,21544.90985,21514.627939000096
2021-11-14 21:00,64566.2664972,64862.4824643,64418.908185,64722.1017741,21532.66083,21520.719206000096
2021-11-14 23:00,64721.690384,65888.333871,64691.0286932,65886.6062415,21552.65205,21526.983847000094
2021-11-15 01:00,65886.5948004,66532.039665,65858.069545,66249.5501377,61436.80779,23524.847253000094
2021-11-15 03:00,66258.8727398,66314.104128,65876.616768,65945.781666,59788.49509,25438.507255500095
2021-11-15 05:00,65953.0560838,66081.2724249,65822.54344,65839.3831003,45990.14145,26661.790754500096
2021-11-15 07:00,65838.5220856,65981.4442469,65583.77168,65644.9248593,88431.54794,30000.544855000095
2021-11-15 09:00,65646.049959,66392.18599,65338.097688,66041.726112,128519.34682,35350.253900500094
2021-11-15 11:00,66040.1736498,66125.6965831,65671.34,65817.5999,112413.03918,39894.1245760001
2021-11-15 13:00,65823.9401798,66030.8435328,65394.91816,65557.008407,123359.81395,44988.1596950001
2021-11-15 15:00,65554.032577,65561.5896694,64288.97,64324.3873986,196317.21498,53732.3340565001
2021-11-15 17:00,64314.0343071,64512.3610881,63991.97,64047.8725414,163206.21665,60817.2110530001
2021-11-15 19:00,64050.5373742,64376.8194154,63699.149713,64318.9779855,81442.54691,63818.894762500095
2021-11-15 21:00,64323.1678495,64328.8174185,63498.01504,63954.7544688,78211.84777,66657.13201250011
2021-11-15 23:00,63955.8683522,64105.72666,63534.0945888,63737.3759088,34533.14736,67308.9432010001
2021-11-16 01:00,63744.7984943,63758.6063151,61414.2,62373.1558775,77918.13752,70127.48145950011
2021-11-16 03:00,62363.1860836,62443.26046,60589.23743,61048.0668483,72928.55683,72697.34408700009
2021-11-16 05:00,61058.0605077,61690.3541,60455.807712,61125.1712136,60717.92905,74655.0905965001
2021-11-16 07:00,61136.843913,61202.1767754,60353.8473,60968.0504952,102296.02683,78691.4312335001
2021-11-16 09:00,60964.835898,61408.775079,60272.47638,60292.59792,139892.42009,84601.6729470001
2021-11-16 11:00,60292.2963,60981.1124469,58749.895259,60799.495938,127229.52371,89885.90364000012
2021-11-16 13:00,60802.7322136,61120.8644427,60219.62491,60717.8446848,168735.91147,97246.06617200011
2021-11-16 15:00,60717.8446848,61718.4072447,60615.182388,60801.8138,256853.06556,109011.0868475001
2021-11-16 17:00,60808.15845,61061.1396086,60327.124374,60636.2878198,134193.78554,112648.93573500011
2021-11-16 19:00,60640.570535,60826.495152,59883.192529,60336.3788,95192.58076,114419.14001850011
2021-11-16 21:00,60340.0885668,61077.2070316,59256.13644,60629.8824756,78281.48534,116033.70721300012
2021-11-16 23:00,60631.5357072,61307.924536,60205.125864,60262.0981728,42935.83483,113758.92155750011
2021-11-17 01:00,60234.293613,60591.0924,59376.2866,59480.149274,75854.40707,111125.67457000012
2021-11-17 03:00,59465.6515116,59846.6447387,58657.01856,59006.857336,115896.40805,111299.84301350014
2021-11-17 05:00,59039.3176976,59836.6554708,58613.690144,59640.3510369,105661.30048,110414.91734000016
2021-11-17 07:00,59629.492794,60254.5642944,59333.514534,59805.4916298,131219.90202,107160.05169200017
2021-11-17 09:00,59793.7108704,60156.59265,58867.910112,58991.3503125,152697.27071,106634.60439500018
2021-11-17 11:00,58995.1954284,60982.9596754,58446.015824,60922.044,116202.40634,108372.59736650018
2021-11-17 13:00,60934.4615737,60976.67655,60082.497728,60120.3036091,149240.43339,111924.02664750018
2021-11-17 15:00,60117.2303627,60387.0517433,59408.753199,59731.8994656,195230.91454,119958.91500650017
2021-11-17 17:00,59722.1347646,60607.105153,59487.7129,60344.9812467,143551.63546,123240.5899035002
2021-11-17 19:00,60372.0329397,60781.6358664,60188.324,60319.4736594,104019.35873,124795.12999850018
2021-11-17 21:00,60316.9505928,60702.0382588,59911.04074,60233.841418,63449.5752,124931.71230600018
2021-11-17 23:00,60243.6008808,60652.9705014,59794.5868218,60518.20356,40021.41657,121817.98179300017
2021-11-18 01:00,60525.7298052,61148.3793472,60282.236625,60755.8655745,81186.67505,118882.69454100018
2021-11-18 03:00,60758.5046003,60970.3127241,59935.402492,59945.6382382,88645.42869,116953.48979000018
2021-11-18 05:00,59946.6966098,60155.347295,59585.785413,59850.9226535,66505.211,111841.95476650019
2021-11-18 07:00,59850.9226535,60065.13531,59595.0809223,59848.6488858,101681.89731,104083.39635400017
2021-11-18 09:00,59848.952094,59935.7071726,59046.506973,59350.7922543,139972.68956,104372.34155500018
2021-11-18 11:00,59351.0907192,60055.929963,59062.681929,59210.68686,122340.54466,105729.73975000018
2021-11-18 13:00,59291.9011793,59930.843,58755.484125,59204.1767256,147565.51805,109193.94138550018
2021-11-18 15:00,59201.5651146,59360.372222,57814.164789,58142.8868499,223191.49025,118206.72415650016
2021-11-18 17:00,58160.281636,58560.067125,56752.441479,57719.776336,127450.66506,120786.53705600016
2021-11-18 19:00,57709.1481096,58480.313885,57653.730909,58091.065824,66076.91501,118295.56240400016
2021-11-18 21:00,58108.872027,58640.7967686,57569.9185516,57714.340583,54796.14774,115752.30476700014
2021-11-18 23:00,57726.796584,57781.0121152,56600.6113075,56942.0195071,28783.63484,110630.49140800015
2021-11-19 01:00,56956.2921074,57548.007205,56645.64384,56706.4685836,70154.22772,106503.33925850014
2021-11-19 03:00,56715.21402,56945.422852,55623.246,55906.0040415,51678.26718,103277.13230050015
2021-11-19 05:00,55909.9202805,56505.519136,55832.84084,56415.1174097,42900.74497,97960.14787950015
2021-11-19 07:00,56419.0931401,56481.3828888,55912.980056,56016.6471406,79077.98552,92152.50142850015
2021-11-19 09:00,56002.4915606,57514.9535742,55993.605254,57023.0135016,234929.40047,96721.38967900016
2021-11-19 11:00,57018.6596291,57227.5216744,56525.839734,57000.0244244,205913.15874,101816.07967950017
2021-11-19 13:00,57007.6111028,57791.5340017,56665.63125,57692.3101573,216840.8491,109485.64337450014
2021-11-19 15:00,57695.040375,58287.257028,57692.995811,58012.91649,264291.81887,120699.16348950015
2021-11-19 17:00,58029.3224339,58434.5864045,57885.942654,58053.7439368,155628.9528,124421.27737700015
2021-11-19 19:00,58049.2192176,58153.981898,57727.124473,58074.2590098,109068.02171000038,125442.40702800018
2021-11-19 21:00,58075.28784699999,58153.063726099994,57717.891195000004,57752.9944796,26002.117260000017,123417.25234100017